Territorialidade,Posição IDHM no Brasil,IDHM,Posição IDHM Renda,IDHM Renda,Posição IDHM Educação,IDHM Educação,Posição IDHM Longevidade,IDHM Longevidade,
Florianópolis (SC),3,0.848,5,0.870,5,0.800,147,0.873,
Balneário Camboriú (SC),4,0.846,10,0.854,6,0.789,1,0.894,
Joaçaba (SC),8,0.828,31,0.823,15,0.771,7,0.891,
Curitiba (PR),10,0.824,11,0.850,17,0.768,551,0.855,
São José (SC),21,0.810,57,0.799,42,0.752,83,0.880,
Joinville (SC),21,0.811,64,0.795,53,0.749,15,0.889,
Maringá (PR),23,0.809,44,0.806,17,0.768,643,0.852,
Rio Fortuna (SC),25,0.808,13,0.848,135,0.727,722,0.850,
Blumenau (SC),25,0.809,37,0.812,162,0.722,1,0.894,
Porto Alegre (RS),28,0.805,6,0.867,331,0.702,501,0.857,
Jaraguá do Sul (SC),34,0.804,70,0.793,36,0.755,303,0.865,
Rio do Sul (SC),36,0.805,70,0.793,135,0.727,1,0.894,
São Miguel do Oeste (SC),37,0.803,93,0.787,82,0.739,55,0.884,
Concórdia (SC),40,0.802,151,0.777,35,0.756,169,0.872,
Tubarão (SC),53,0.798,87,0.788,75,0.740,276,0.866,
Itapema (SC),53,0.799,87,0.788,135,0.727,77,0.881,
Carlos Barbosa (RS),53,0.796,23,0.835,151,0.724,1419,0.835,
Treze Tílias (SC),56,0.799,21,0.838,527,0.685,135,0.874,
Brusque (SC),56,0.798,66,0.794,269,0.707,1,0.894,
Itajaí (SC),56,0.797,141,0.778,122,0.730,55,0.884,
Iomerê (SC),56,0.798,349,0.754,53,0.749,7,0.891,
Quatro Pontes (PR),62,0.792,78,0.790,59,0.748,1281,0.838,
Ipiranga do Sul (RS),62,0.791,34,0.818,374,0.698,276,0.866,
Três Arroios (RS),62,0.791,15,0.843,483,0.689,702,0.851,
Chapecó (SC),67,0.792,137,0.779,135,0.727,181,0.871,
Luzerna (SC),71,0.792,125,0.781,179,0.718,110,0.877,
Lagoa dos Três Cantos (RS),71,0.789,232,0.765,39,0.754,643,0.852,
Criciúma (SC),76,0.790,97,0.786,97,0.737,901,0.846,
Porto União (SC),87,0.789,375,0.752,151,0.724,7,0.891,
Garibaldi (RS),87,0.786,28,0.825,495,0.688,527,0.856,
Nova Araçá (RS),92,0.785,61,0.796,162,0.722,1032,0.843,
Casca (RS),92,0.785,141,0.778,107,0.733,846,0.847,
Timbó (SC),100,0.787,41,0.807,389,0.697,527,0.856,
Salto Veloso (SC),100,0.788,141,0.778,293,0.705,83,0.880,
Santa Maria (RS),100,0.784,64,0.795,205,0.715,792,0.848,
Ivoti (RS),100,0.784,132,0.78,125,0.729,792,0.848,
Pinhalzinho (SC),110,0.787,303,0.758,193,0.716,22,0.886,
Horizontina (RS),110,0.783,116,0.782,193,0.716,473,0.858,
Pato Branco (PR),113,0.784,141,0.778,127,0.728,943,0.845,
Cascavel (PR),113,0.783,155,0.776,127,0.728,901,0.846,
São Bento do Sul (SC),113,0.784,252,0.763,172,0.719,181,0.871,
Caxias do Sul (RS),113,0.782,37,0.812,516,0.686,425,0.86,
Lacerdópolis (SC),119,0.785,252,0.763,257,0.708,64,0.883,
Maravilha (SC),119,0.784,303,0.758,257,0.708,22,0.886,
Bombinhas (SC),119,0.783,360,0.753,114,0.732,319,0.864,
Santo Amaro da Imperatriz (SC),119,0.784,360,0.753,239,0.710,11,0.890,
Ijuí (RS),119,0.781,97,0.786,269,0.707,473,0.858,
Pomerode (SC),128,0.784,132,0.780,505,0.687,22,0.886,
Corupá (SC),128,0.783,202,0.768,269,0.707,147,0.873,
Braço do Trombudo (SC),128,0.784,223,0.766,331,0.702,64,0.883,
Cocal do Sul (SC),128,0.782,478,0.747,75,0.740,451,0.859,
Nova Petrópolis (RS),128,0.78,162,0.775,495,0.688,11,0.89,
Vista Alegre do Prata (RS),128,0.78,39,0.809,450,0.692,846,0.847,
Seara (SC),141,0.783,48,0.804,668,0.674,169,0.872,
Londrina (PR),145,0.779,83,0.789,223,0.712,1315,0.837,
Braço do Norte (SC),145,0.781,494,0.746,193,0.716,77,0.881,
Bento Gonçalves (RS),145,0.778,46,0.805,416,0.695,1075,0.842,
Nova Bréscia (RS),145,0.778,22,0.836,768,0.666,846,0.847,
Lajeado (RS),145,0.778,61,0.796,305,0.704,1183,0.84,
Indaial (SC),157,0.780,213,0.767,344,0.701,147,0.873,
Pinheiro Preto (SC),157,0.780,266,0.762,223,0.712,276,0.866,
Mafra (SC),157,0.780,639,0.738,155,0.723,83,0.880,
Farroupilha (RS),157,0.777,112,0.783,404,0.696,390,0.861,
Victor Graeff (RS),157,0.777,166,0.774,162,0.722,1183,0.84,
Selbach (RS),157,0.777,105,0.785,239,0.71,1128,0.841,
Sarandi (RS),157,0.777,155,0.776,293,0.705,473,0.858,
Passo Fundo (RS),168,0.776,93,0.787,364,0.699,759,0.849,
Erechim (RS),168,0.776,116,0.782,193,0.716,1515,0.833,
Itapiranga (SC),178,0.777,223,0.766,155,0.723,1075,0.842,
Xanxerê (SC),178,0.777,291,0.760,232,0.711,390,0.861,
Trombudo Central (SC),178,0.779,291,0.760,404,0.696,83,0.880,
Marechal Cândido Rondon (PR),185,0.776,116,0.782,305,0.704,1075,0.842,
Francisco Beltrão (PR),185,0.776,303,0.758,142,0.726,986,0.844,
Ouro (SC),185,0.778,166,0.774,620,0.677,55,0.884,
Siderópolis (SC),185,0.777,398,0.751,344,0.701,83,0.880,
Massaranduba (SC),185,0.777,435,0.749,212,0.714,257,0.867,
Treviso (SC),185,0.778,665,0.737,212,0.714,70,0.882,
Marau (RS),185,0.774,175,0.773,364,0.699,501,0.857,
Serra Alta (SC),197,0.777,303,0.758,431,0.694,94,0.879,
Veranópolis (RS),197,0.773,59,0.797,450,0.692,1281,0.838,
Paraí (RS),197,0.773,93,0.787,593,0.679,276,0.866,
Santa Cruz do Sul (RS),197,0.773,116,0.782,442,0.693,643,0.852,
Urussanga (SC),210,0.776,321,0.756,416,0.695,118,0.876,
Aratiba (RS),210,0.772,50,0.801,719,0.67,527,0.856,
Santo Ângelo (RS),210,0.772,232,0.765,404,0.696,343,0.863,
Lajeado Grande (SC),220,0.773,415,0.750,223,0.712,473,0.858,
Itá (SC),220,0.775,478,0.747,374,0.698,94,0.879,
Presidente Castello Branco (SC),227,0.778,36,0.813,1248,0.637,64,0.883,
Lages (SC),227,0.773,335,0.755,389,0.697,257,0.867,
Armazém (SC),227,0.774,548,0.743,374,0.698,70,0.882,
São Carlos (SC),238,0.773,252,0.763,495,0.688,257,0.867,
Schroeder (SC),238,0.772,415,0.750,239,0.710,551,0.855,
Santa Rosa (RS),238,0.769,375,0.752,442,0.693,181,0.871,
Arroio do Meio (RS),238,0.769,415,0.75,282,0.706,425,0.86,
Palotina (PR),249,0.771,291,0.760,483,0.689,319,0.864,
Toledo (PR),249,0.771,335,0.755,331,0.702,551,0.855,
Maracajá (SC),249,0.771,375,0.752,364,0.699,390,0.861,
Nova Veneza (SC),249,0.771,580,0.741,318,0.703,222,0.869,
Nova Boa Vista (RS),249,0.768,241,0.764,257,0.708,1370,0.836,
Três Passos (RS),249,0.768,517,0.745,239,0.71,473,0.858,
São Marcos (RS),249,0.768,162,0.775,548,0.683,551,0.855,
Dois Vizinhos (PR),265,0.769,478,0.747,232,0.711,722,0.850,
Capivari de Baixo (SC),265,0.770,937,0.724,193,0.716,204,0.870,
Novo Xingu (RS),265,0.767,435,0.749,257,0.708,722,0.85,
Encantado (RS),265,0.767,241,0.764,505,0.687,473,0.858,
Estrela (RS),265,0.767,155,0.776,538,0.684,722,0.85,
Ivatuba (PR),274,0.768,1091,0.718,59,0.748,1315,0.837,
Peritiba (SC),274,0.771,266,0.762,731,0.669,70,0.882,
Capivari do Sul (RS),274,0.766,46,0.805,738,0.668,1370,0.836,
Carazinho (RS),274,0.766,321,0.756,269,0.707,1183,0.84,
Nova Prata (RS),274,0.766,116,0.782,516,0.686,1238,0.839,
Santiago (RS),274,0.766,494,0.746,560,0.682,70,0.882,
Gaspar (SC),289,0.771,190,0.770,945,0.655,15,0.889,
São Domingos (SC),289,0.768,194,0.769,648,0.675,390,0.861,
Nova Erechim (SC),289,0.768,213,0.767,516,0.686,702,0.851,
Imbituba (SC),289,0.768,739,0.734,318,0.703,238,0.868,
Ibirubá (RS),289,0.765,97,0.786,708,0.671,792,0.848,
Guaporé (RS),289,0.765,125,0.781,527,0.685,1315,0.837,
Colinas (RS),289,0.765,97,0.786,606,0.678,1183,0.84,
Espumoso (RS),289,0.765,478,0.747,620,0.677,55,0.884,
Não-Me-Toque (RS),289,0.765,106,0.784,686,0.673,846,0.847,
Arroio Trinta (SC),304,0.769,125,0.781,982,0.653,147,0.873,
Videira (SC),304,0.768,179,0.772,648,0.675,501,0.857,
Santo Antônio do Palma (RS),304,0.764,93,0.787,787,0.665,610,0.853,
Cerro Largo (RS),304,0.764,375,0.752,374,0.698,759,0.849,
Rondinha (RS),304,0.764,132,0.78,606,0.678,1075,0.842,
Gramado (RS),304,0.764,112,0.783,829,0.662,390,0.861,
Montauri (RS),304,0.764,78,0.79,829,0.662,643,0.852,
Imbé (RS),304,0.764,28,0.825,1232,0.638,846,0.847,
São Valentim do Sul (RS),304,0.764,155,0.776,620,0.677,792,0.848,
Medianeira (PR),320,0.766,266,0.762,516,0.686,759,0.849,
Ponta Grossa (PR),320,0.765,335,0.755,318,0.703,1315,0.837,
Paranavaí (PR),320,0.766,415,0.750,318,0.703,986,0.844,
Fagundes Varela (RS),320,0.763,175,0.773,668,0.674,643,0.852,
São Pedro do Butiá (RS),320,0.763,291,0.76,431,0.694,1032,0.843,
Barra Funda (RS),320,0.763,805,0.731,239,0.71,527,0.856,
São Domingos do Sul (RS),320,0.763,132,0.78,581,0.68,1238,0.839,
Serranópolis do Iguaçu (PR),335,0.766,141,0.778,829,0.662,451,0.859,
São Francisco do Sul (SC),335,0.765,596,0.740,364,0.699,527,0.856,
Boa Vista do Buricá (RS),335,0.762,281,0.761,389,0.697,1464,0.834,
David Canabarro (RS),335,0.762,596,0.74,495,0.688,204,0.87,
Saldanha Marinho (RS),335,0.762,517,0.745,282,0.706,1128,0.841,
Torres (RS),335,0.762,415,0.75,527,0.685,372,0.862,
Entre Rios do Oeste (PR),350,0.763,141,0.778,516,0.686,1846,0.826,
Umuarama (PR),350,0.763,335,0.755,374,0.698,1370,0.836,
São João do Oeste (SC),350,0.766,321,0.756,738,0.668,147,0.873,
Zortéa (SC),350,0.766,375,0.752,849,0.661,40,0.885,
Taió (SC),350,0.766,435,0.749,719,0.670,94,0.879,
Itapoá (SC),350,0.765,621,0.739,560,0.682,135,0.874,
Vila Maria (RS),350,0.761,75,0.791,802,0.664,1238,0.839,
Panambi (RS),350,0.761,375,0.752,465,0.691,792,0.848,
Nova Pádua (RS),350,0.761,266,0.762,606,0.678,643,0.852,
Rio Negro (PR),366,0.763,1008,0.721,293,0.705,343,0.863,
Modelo (SC),366,0.765,398,0.751,883,0.659,22,0.886,
Porto Belo (SC),366,0.765,415,0.750,870,0.660,22,0.886,
Tijucas (SC),366,0.764,478,0.747,697,0.672,147,0.873,
Araranguá (SC),366,0.763,517,0.745,465,0.691,610,0.853,
Campinas do Sul (RS),366,0.76,360,0.753,465,0.691,1075,0.842,
Tapejara (RS),366,0.76,252,0.763,495,0.688,1315,0.837,
Itaara (RS),366,0.76,281,0.761,505,0.687,1128,0.841,
Serafina Corrêa (RS),366,0.76,335,0.755,474,0.69,1032,0.843,
Frederico Westphalen (RS),366,0.76,349,0.754,495,0.688,901,0.846,
Cornélio Procópio (PR),383,0.762,494,0.746,450,0.692,792,0.848,
Presidente Getúlio (SC),383,0.764,241,0.764,966,0.654,135,0.874,
Iporã do Oeste (SC),383,0.762,548,0.743,416,0.695,846,0.847,
Santo Antônio do Planalto (RS),383,0.759,1547,0.701,293,0.705,40,0.885,
Nova Candelária (RS),383,0.759,66,0.794,1133,0.643,527,0.856,
Três de Maio (RS),383,0.759,321,0.756,431,0.694,1464,0.834,
São José dos Pinhais (PR),400,0.762,435,0.749,606,0.678,451,0.859,
Maripá (PR),400,0.762,692,0.736,538,0.684,276,0.866,
Nova Londrina (PR),400,0.761,715,0.735,465,0.691,527,0.856,
Iguaraçu (PR),400,0.760,1190,0.714,114,0.732,1515,0.833,
Faxinal dos Guedes (SC),400,0.762,494,0.746,634,0.676,343,0.863,
Herval D'Oeste (SC),400,0.761,596,0.740,538,0.684,451,0.859,
Piratuba (SC),400,0.760,692,0.736,212,0.714,1704,0.829,
Colorado (RS),400,0.758,162,0.775,668,0.674,1419,0.835,
Picada Café (RS),400,0.758,639,0.738,344,0.701,1075,0.842,
Antônio Prado (RS),400,0.758,151,0.777,708,0.671,1419,0.835,
Guabiju (RS),400,0.758,25,0.831,1727,0.612,501,0.857,
Campo Mourão (PR),420,0.760,435,0.749,483,0.689,1128,0.841,
Palhoça (SC),420,0.761,375,0.752,697,0.672,451,0.859,
Gravatal (SC),420,0.761,897,0.726,573,0.681,110,0.877,
Santa Rosa de Lima (SC),420,0.760,897,0.726,239,0.710,1032,0.843,
Canoinhas (SC),420,0.761,1111,0.717,450,0.692,135,0.874,
Vanini (RS),420,0.757,692,0.736,305,0.704,1370,0.836,
Estância Velha (RS),420,0.757,435,0.749,995,0.652,19,0.887,
Cachoeirinha (RS),420,0.757,435,0.749,648,0.675,501,0.857,
Chapada (RS),420,0.757,375,0.752,593,0.679,759,0.849,
Presidente Lucena (RS),420,0.757,870,0.727,668,0.674,40,0.885,
Vista Gaúcha (RS),420,0.757,166,0.774,731,0.669,1238,0.839,
Dois Lajeados (RS),420,0.757,162,0.775,719,0.67,1315,0.837,
Balneário Piçarras (SC),440,0.761,517,0.745,738,0.668,222,0.869,
Quinze de Novembro (RS),440,0.756,112,0.783,945,0.655,1128,0.841,
Fortaleza dos Valos (RS),440,0.756,137,0.779,815,0.663,1315,0.837,
Cianorte (PR),453,0.758,478,0.747,527,0.685,1128,0.841,
São Ludgero (SC),453,0.758,321,0.756,548,0.683,1464,0.834,
Orleans (SC),453,0.760,435,0.749,914,0.657,147,0.873,
Alto Bela Vista (SC),453,0.760,739,0.734,802,0.664,70,0.882,
Saudades (SC),453,0.758,961,0.723,355,0.700,722,0.850,
Montenegro (RS),453,0.755,281,0.761,966,0.654,276,0.866,
São José do Ouro (RS),453,0.755,297,0.759,731,0.669,901,0.846,
Cunhataí (SC),467,0.762,151,0.777,1535,0.623,22,0.886,
Rodeio (SC),467,0.761,194,0.769,1473,0.626,15,0.889,
Rio do Oeste (SC),467,0.762,194,0.769,1492,0.625,6,0.892,
Guabiruba (SC),467,0.760,415,0.750,982,0.653,118,0.876,
Constantina (RS),467,0.754,897,0.726,738,0.668,40,0.885,
Flores da Cunha (RS),467,0.754,97,0.786,1157,0.642,759,0.849,
Esteio (RS),467,0.754,194,0.769,829,0.662,1032,0.843,
São Vendelino (RS),467,0.754,548,0.743,620,0.677,643,0.852,
Forquilhinha (SC),488,0.757,349,0.754,914,0.657,390,0.861,
Rancho Queimado (SC),488,0.760,548,0.743,1112,0.644,5,0.893,
Garopaba (SC),488,0.758,665,0.737,738,0.668,238,0.868,
Nicolau Vergueiro (RS),488,0.753,179,0.772,870,0.66,1238,0.839,
Estação (RS),488,0.753,375,0.752,668,0.674,1032,0.843,
Salvador das Missões (RS),488,0.753,1293,0.71,282,0.706,702,0.851,
Ajuricaba (RS),488,0.753,252,0.763,898,0.658,722,0.85,
Enéas Marques (PR),508,0.755,213,0.767,802,0.664,1419,0.835,
Pranchita (PR),508,0.753,548,0.743,404,0.696,2112,0.821,
Capinzal (SC),508,0.757,565,0.742,883,0.659,222,0.869,
Xaxim (SC),508,0.757,665,0.737,829,0.662,181,0.871,
Tunápolis (SC),508,0.754,848,0.728,305,0.704,1647,0.830,
Laguna (SC),508,0.756,1166,0.715,560,0.682,181,0.871,
Westfalia (RS),508,0.752,61,0.796,1395,0.63,759,0.849,
Severiano de Almeida (RS),508,0.752,639,0.738,719,0.67,390,0.861,
Monte Belo do Sul (RS),508,0.752,375,0.752,815,0.663,643,0.852,
Pinhais (PR),526,0.754,281,0.761,768,0.666,1370,0.836,
Foz do Iguaçu (PR),526,0.756,462,0.748,849,0.661,473,0.858,
Mandaguari (PR),526,0.754,784,0.732,483,0.689,1183,0.840,
Guaraciaba (SC),526,0.757,349,0.754,1082,0.646,181,0.871,
Guaramirim (SC),526,0.758,462,0.748,1176,0.641,40,0.885,
Planalto Alegre (SC),526,0.757,805,0.731,883,0.659,77,0.881,
Sertão (RS),526,0.751,494,0.746,606,0.678,1315,0.837,
Osório (RS),526,0.751,194,0.769,1082,0.646,610,0.853,
Paranaguá (PR),551,0.754,765,0.733,634,0.676,643,0.852,
Feliz (RS),551,0.75,303,0.758,898,0.658,846,0.847,
Água Santa (RS),551,0.75,18,0.84,2157,0.59,722,0.85,
Cruz Alta (RS),551,0.75,349,0.754,982,0.653,473,0.858,
Canoas (RS),551,0.75,202,0.768,1271,0.636,319,0.864,
Xavantina (SC),562,0.755,179,0.772,1350,0.632,390,0.861,
Antônio Carlos (SC),562,0.758,202,0.768,1687,0.615,11,0.890,
São Lourenço do Oeste (SC),562,0.750,462,0.748,416,0.695,2805,0.807,
Laurentino (SC),562,0.753,565,0.742,829,0.662,551,0.855,
Pareci Novo (RS),562,0.749,639,0.738,738,0.668,643,0.852,
Linha Nova (RS),562,0.749,398,0.751,829,0.662,901,0.846,
Harmonia (RS),562,0.749,462,0.748,738,0.668,1128,0.841,
Arapongas (PR),583,0.751,398,0.751,731,0.669,1464,0.834,
Apucarana (PR),583,0.751,580,0.741,738,0.668,943,0.845,
Cafelândia (PR),583,0.750,961,0.723,450,0.692,1419,0.835,
Miraselva (PR),583,0.752,1768,0.694,269,0.707,581,0.854,
Ituporanga (SC),583,0.754,435,0.749,1232,0.638,118,0.876,
Nova Trento (SC),583,0.756,435,0.749,1433,0.628,7,0.891,
Mondaí (SC),583,0.753,848,0.728,914,0.657,128,0.875,
Canela (RS),583,0.748,639,0.738,758,0.667,759,0.849,
São João do Polêsine (RS),583,0.748,462,0.748,849,0.661,846,0.847,
Barão (RS),583,0.748,213,0.767,995,0.652,1370,0.836,
Astorga (PR),599,0.749,349,0.754,648,0.675,2259,0.818,
Pato Bragado (PR),599,0.749,517,0.745,431,0.694,2805,0.807,
Jandaia do Sul (PR),599,0.748,580,0.741,318,0.703,3077,0.801,
Governador Celso Ramos (SC),599,0.753,665,0.737,1010,0.651,204,0.870,
Cordilheira Alta (SC),599,0.751,715,0.735,829,0.662,551,0.855,
Charqueadas (RS),599,0.747,897,0.726,883,0.659,204,0.87,
Alto Alegre (RS),599,0.747,321,0.756,1157,0.642,451,0.859,
Tapera (RS),599,0.747,548,0.743,697,0.672,1419,0.835,
Teutônia (RS),599,0.747,398,0.751,1020,0.65,551,0.855,
São José do Inhacorá (RS),599,0.747,961,0.723,331,0.702,2064,0.822,
Tucunduva (RS),599,0.747,462,0.748,560,0.682,2357,0.816,
Condor (RS),599,0.747,715,0.735,768,0.666,643,0.852,
Sananduva (RS),599,0.747,241,0.764,1068,0.647,1032,0.843,
Novo Hamburgo (RS),599,0.747,141,0.778,1416,0.629,643,0.852,
Nova Bassano (RS),599,0.747,141,0.778,1350,0.632,759,0.849,
Paraíso do Norte (PR),628,0.748,375,0.752,738,0.668,1905,0.825,
Doutor Camargo (PR),628,0.748,1449,0.704,331,0.702,1238,0.839,
Itambé (PR),628,0.749,1858,0.691,318,0.703,581,0.854,
Balneário Arroio do Silva (SC),628,0.751,360,0.753,1157,0.642,473,0.858,
Capitão (RS),628,0.746,478,0.747,849,0.661,1075,0.842,
Getúlio Vargas (RS),628,0.746,478,0.747,898,0.658,1032,0.843,
Coqueiros do Sul (RS),628,0.746,44,0.806,1703,0.614,1183,0.84,
Muçum (RS),628,0.746,316,0.757,966,0.654,1183,0.84,
Mato Leitão (RS),628,0.746,1008,0.721,634,0.676,610,0.853,
Santa Tereza (RS),628,0.746,232,0.765,1248,0.637,610,0.853,
Bom Princípio (RS),628,0.746,398,0.751,849,0.661,1370,0.836,
Floraí (PR),648,0.749,621,0.739,930,0.656,610,0.853,
Campo Largo (PR),648,0.749,817,0.730,802,0.664,581,0.854,
Águas Frias (SC),648,0.750,848,0.728,849,0.661,425,0.860,
Bozano (RS),648,0.745,175,0.773,1433,0.628,610,0.853,
Campo Bom (RS),648,0.745,335,0.755,1133,0.643,643,0.852,
Santa Helena (PR),667,0.746,639,0.738,606,0.678,1987,0.823,
Lobato (PR),667,0.747,1346,0.708,450,0.692,1128,0.841,
Barra do Jacaré (PR),667,0.746,2212,0.678,65,0.747,2504,0.813,
Salete (SC),667,0.745,665,0.737,416,0.695,2990,0.803,
Coronel Freitas (SC),667,0.748,784,0.732,982,0.653,425,0.860,
Coronel Barros (RS),667,0.744,70,0.793,1766,0.61,643,0.852,
Poço das Antas (RS),667,0.744,565,0.742,1308,0.634,110,0.877,
Rio Grande (RS),667,0.744,375,0.752,1248,0.637,390,0.861,
Nova Palma (RS),667,0.744,266,0.762,1133,0.643,1128,0.841,
Uruguaiana (RS),667,0.744,989,0.722,849,0.661,343,0.863,
Matinhos (PR),695,0.746,548,0.743,829,0.662,1464,0.834,
Jacarezinho (PR),695,0.747,739,0.734,815,0.663,986,0.844,
São Jorge do Ivaí (PR),695,0.744,870,0.727,404,0.696,2661,0.810,
Jaguariaíva (PR),695,0.747,1649,0.698,538,0.684,451,0.859,
Marema (SC),695,0.749,462,0.748,1271,0.636,372,0.862,
Lindóia do Sul (SC),695,0.749,478,0.747,1271,0.636,303,0.865,
Descanso (SC),695,0.747,580,0.741,1068,0.647,581,0.854,
Penha (SC),695,0.749,621,0.739,1193,0.640,257,0.867,
Augusto Pestana (RS),695,0.743,137,0.779,1577,0.621,846,0.847,
Sobradinho (RS),695,0.743,715,0.735,1068,0.647,390,0.861,
Morro Reuter (RS),695,0.743,765,0.733,982,0.653,473,0.858,
Imigrante (RS),695,0.743,241,0.764,1295,0.635,986,0.844,
Capão da Canoa (RS),695,0.743,321,0.756,1248,0.637,643,0.852,
Dois Irmãos (RS),695,0.743,252,0.763,1329,0.633,792,0.848,
Quatro Barras (PR),719,0.745,596,0.740,787,0.665,1603,0.831,
Bom Sucesso do Sul (PR),719,0.745,1449,0.704,416,0.695,1370,0.836,
Dona Emma (SC),719,0.749,266,0.762,1556,0.622,372,0.862,
São Martinho (SC),719,0.746,349,0.754,966,0.654,1647,0.830,
Cunha Porã (SC),719,0.743,532,0.744,560,0.682,2940,0.804,
Ascurra (SC),719,0.748,621,0.739,1271,0.636,238,0.868,
Campos Novos (SC),719,0.747,1008,0.721,898,0.658,390,0.861,
Irani (SC),719,0.746,1166,0.715,648,0.675,846,0.847,
Silveira Martins (RS),719,0.742,532,0.744,1112,0.644,643,0.852,
Vila Flores (RS),719,0.742,918,0.725,1020,0.65,257,0.867,
Cachoeira do Sul (RS),719,0.742,621,0.739,1050,0.648,581,0.854,
Tio Hugo (RS),719,0.742,1318,0.709,560,0.682,943,0.845,
Nova Ramada (RS),719,0.742,375,0.752,1157,0.642,846,0.847,
Agronômica (SC),743,0.751,166,0.774,2045,0.595,55,0.884,
Içara (SC),743,0.746,784,0.732,1097,0.645,390,0.861,
Cotiporã (RS),743,0.741,213,0.767,1271,0.636,1419,0.835,
Pejuçara (RS),743,0.741,937,0.724,1050,0.648,257,0.867,
São Luiz Gonzaga (RS),743,0.741,1091,0.718,802,0.664,551,0.855,
Nova Roma do Sul (RS),743,0.741,66,0.794,1921,0.602,702,0.851,
Araucária (PR),764,0.745,548,0.743,1209,0.639,643,0.852,
Chopinzinho (PR),764,0.743,596,0.740,708,0.671,2307,0.817,
União da Vitória (PR),764,0.743,1217,0.713,581,0.680,1315,0.837,
Sabáudia (PR),764,0.743,1293,0.710,634,0.676,1032,0.843,
Mercedes (PR),764,0.744,1346,0.708,581,0.680,1032,0.843,
Turvo (SC),764,0.747,565,0.742,1370,0.631,257,0.867,
São João Batista (SC),764,0.746,621,0.739,1308,0.634,303,0.865,
Benedito Novo (SC),764,0.745,961,0.723,1097,0.645,238,0.868,
Otacílio Costa (SC),764,0.743,1217,0.713,573,0.681,1419,0.835,
Almirante Tamandaré do Sul (RS),764,0.74,784,0.732,731,0.669,1747,0.828,
Alegrete (RS),764,0.74,1039,0.72,802,0.664,759,0.849,
Arroio do Sal (RS),764,0.74,596,0.74,1032,0.649,986,0.844,
Bagé (RS),764,0.74,621,0.739,1068,0.647,792,0.848,
Santa Clara do Sul (RS),764,0.74,478,0.747,1112,0.644,1032,0.843,
Salvador do Sul (RS),764,0.74,415,0.75,1176,0.641,1032,0.843,
Nova Alvorada (RS),764,0.74,252,0.763,1308,0.634,1281,0.838,
Anta Gorda (RS),764,0.74,565,0.742,1395,0.63,238,0.868,
Santo Inácio (PR),795,0.743,494,0.746,1176,0.641,1032,0.843,
Rolândia (PR),795,0.742,532,0.744,849,0.661,2112,0.821,
Ubiratã (PR),795,0.743,1405,0.706,731,0.669,581,0.854,
Biguaçu (SC),795,0.743,765,0.733,883,0.659,1370,0.836,
Vista Alegre (RS),795,0.739,291,0.76,1370,0.631,1075,0.842,
Ibiaçá (RS),795,0.739,223,0.766,2084,0.593,18,0.888,
São Pedro da Serra (RS),795,0.739,462,0.748,1308,0.634,702,0.851,
Catuípe (RS),795,0.739,252,0.763,1457,0.627,1075,0.842,
Santo Augusto (RS),795,0.739,360,0.753,1248,0.637,1183,0.84,
Bom Retiro do Sul (RS),795,0.739,918,0.725,1032,0.649,501,0.857,
Carlos Gomes (RS),795,0.739,784,0.732,1556,0.622,22,0.886,
São Leopoldo (RS),795,0.739,223,0.766,1727,0.612,390,0.861,
Pelotas (RS),795,0.739,303,0.758,1350,0.632,986,0.844,
Taquaruçu do Sul (RS),795,0.739,202,0.768,1329,0.633,1647,0.83,
São Sebastião do Caí (RS),795,0.739,739,0.734,1082,0.646,643,0.852,
Itaipulândia (PR),823,0.745,137,0.779,1802,0.608,792,0.848,
Pontal do Paraná (PR),823,0.741,665,0.737,945,0.655,1603,0.831,
Corbélia (PR),823,0.739,848,0.728,548,0.683,2805,0.807,
Porecatu (PR),823,0.741,848,0.728,849,0.661,1464,0.834,
Santa Terezinha de Itaipu (PR),823,0.740,1136,0.716,483,0.689,2453,0.814,
Ilhota (SC),823,0.747,415,0.750,1822,0.607,64,0.883,
Ipumirim (SC),823,0.744,478,0.747,1370,0.631,610,0.853,
Barra Velha (SC),823,0.744,715,0.735,1209,0.639,501,0.857,
Meleiro (SC),823,0.740,739,0.734,593,0.679,2754,0.808,
Morro da Fumaça (SC),823,0.741,784,0.732,787,0.665,1905,0.825,
São João do Itaperiú (SC),823,0.744,1190,0.714,1097,0.645,147,0.873,
Rio Negrinho (SC),823,0.742,1293,0.710,738,0.668,792,0.848,
Humaitá (RS),823,0.738,784,0.732,914,0.657,1315,0.837,
Campina das Missões (RS),823,0.738,1649,0.698,620,0.677,759,0.849,
Gaurama (RS),823,0.738,765,0.733,1133,0.643,643,0.852,
Lagoa Vermelha (RS),823,0.738,739,0.734,1593,0.62,40,0.885,
Santo Cristo (RS),823,0.738,494,0.746,930,0.656,2161,0.82,
Luiz Alves (SC),850,0.745,223,0.766,1957,0.600,204,0.870,
Presidente Nereu (SC),850,0.745,232,0.765,1782,0.609,390,0.861,
Palmitos (SC),850,0.742,316,0.757,1350,0.632,1370,0.836,
Ibirama (SC),850,0.742,435,0.749,1395,0.630,792,0.848,
Tangará (SC),850,0.744,462,0.748,1649,0.617,257,0.867,
Guarani das Missões (RS),850,0.737,1649,0.698,787,0.665,343,0.863,
Vale Real (RS),850,0.737,621,0.739,1271,0.636,722,0.85,
Vera Cruz (RS),850,0.737,639,0.738,1133,0.643,1075,0.842,
Palmeira das Missões (RS),850,0.737,989,0.722,758,0.667,1603,0.831,
Floresta (PR),876,0.738,1372,0.707,465,0.691,2357,0.816,
Atalaia (PR),876,0.740,1372,0.707,870,0.660,581,0.854,
Nova Itaberaba (SC),876,0.745,360,0.753,1857,0.605,118,0.876,
Grão Pará (SC),876,0.742,435,0.749,1395,0.630,901,0.846,
Navegantes (SC),876,0.743,805,0.731,1517,0.624,147,0.873,
Ipira (SC),876,0.740,937,0.724,914,0.657,1281,0.838,
São Borja (RS),876,0.736,1039,0.72,1133,0.643,425,0.86,
Gravataí (RS),876,0.736,870,0.727,1271,0.636,372,0.862,
Camargo (RS),876,0.736,266,0.762,1727,0.612,581,0.854,
Marialva (PR),897,0.738,765,0.733,768,0.666,2453,0.814,
Porto Rico (PR),897,0.739,1858,0.691,581,0.680,901,0.846,
Caçador (SC),897,0.742,848,0.728,1593,0.620,98,0.878,
Lauro Muller (SC),897,0.738,1190,0.714,620,0.677,2064,0.822,
Nova Esperança do Sul (RS),897,0.735,961,0.723,1068,0.647,792,0.848,
Xangri-Lá (RS),897,0.735,596,0.74,1395,0.63,643,0.852,
Telêmaco Borba (PR),920,0.737,897,0.726,914,0.657,1747,0.828,
Cambé (PR),920,0.738,937,0.724,1010,0.651,1183,0.840,
São Pedro de Alcântara (SC),920,0.740,316,0.757,1633,0.618,901,0.846,
Alto Feliz (RS),920,0.734,596,0.74,1904,0.603,22,0.886,
Barra do Guarita (RS),920,0.734,1707,0.696,697,0.672,943,0.845,
Renascença (PR),940,0.738,494,0.746,1395,0.630,1281,0.838,
Nova Aurora (PR),940,0.737,897,0.726,1157,0.642,986,0.844,
Colombo (PR),940,0.739,1166,0.715,1350,0.632,204,0.870,
Aurora (SC),940,0.741,462,0.748,1835,0.606,204,0.870,
Arabutã (SC),940,0.740,532,0.744,1703,0.614,343,0.863,
Atalanta (SC),940,0.735,692,0.736,738,0.668,3026,0.802,
União da Serra (RS),940,0.733,97,0.786,2210,0.587,643,0.852,
Gentil (RS),940,0.733,1293,0.71,1133,0.643,343,0.863,
Taquari (RS),940,0.733,665,0.737,1416,0.629,759,0.849,
Triunfo (RS),940,0.733,1111,0.717,1416,0.629,147,0.873,
Protásio Alves (RS),940,0.733,187,0.771,1782,0.609,1238,0.839,
Céu Azul (PR),965,0.734,784,0.732,883,0.659,2562,0.812,
Flórida (PR),965,0.734,1372,0.707,593,0.679,2357,0.816,
Jaborá (SC),965,0.735,494,0.746,914,0.657,3077,0.801,
São Jorge (RS),965,0.732,415,0.75,1649,0.617,901,0.846,
Santo Expedito do Sul (RS),965,0.732,2182,0.679,620,0.677,610,0.853,
Chiapetta (RS),965,0.732,1516,0.702,914,0.657,722,0.85,
Rodeio Bonito (RS),965,0.732,765,0.733,1271,0.636,1075,0.842,
Nova Santa Rosa (PR),993,0.734,784,0.732,870,0.660,2696,0.809,
Guarapuava (PR),993,0.737,817,0.730,1433,0.628,610,0.853,
Goioerê (PR),993,0.736,1039,0.720,1209,0.639,722,0.850,
Itapejara D'Oeste (PR),993,0.734,1217,0.713,849,0.661,1747,0.828,
Tamboara (PR),993,0.735,2182,0.679,668,0.674,643,0.852,
São José do Cedro (SC),993,0.736,360,0.753,1492,0.625,1647,0.830,
São Bonifácio (SC),993,0.737,832,0.729,1556,0.622,425,0.860,
Fraiburgo (SC),993,0.736,1248,0.712,1248,0.637,425,0.860,
Boa Vista do Incra (RS),993,0.731,1473,0.703,1176,0.641,257,0.867,
Relvado (RS),993,0.731,232,0.765,2185,0.588,238,0.868,
Soledade (RS),993,0.731,870,0.727,1492,0.625,390,0.861,
Colorado (PR),1021,0.733,478,0.747,1032,0.649,2940,0.804,
Tupãssi (PR),1021,0.733,1008,0.721,1032,0.649,1647,0.830,
Ivaiporã (PR),1021,0.733,1268,0.711,849,0.661,1798,0.827,
Engenheiro Beltrão (PR),1021,0.733,1547,0.701,620,0.677,2161,0.820,
Guarujá do Sul (SC),1021,0.735,784,0.732,1209,0.639,1515,0.833,
Quilombo (SC),1021,0.733,1248,0.712,930,0.656,1560,0.832,
Ilópolis (RS),1021,0.73,321,0.756,2045,0.595,276,0.866,
Guaíba (RS),1021,0.73,784,0.732,1209,0.639,1515,0.833,
Mariano Moro (RS),1021,0.73,252,0.763,1880,0.604,1032,0.843,
Assis Chateaubriand (PR),1052,0.734,1217,0.713,1329,0.633,501,0.857,
Rio Bom (PR),1052,0.734,2375,0.672,573,0.681,792,0.848,
Rio do Campo (SC),1052,0.731,580,0.741,1020,0.650,2990,0.803,
Rio dos Cedros (SC),1052,0.733,621,0.739,1308,0.634,1798,0.827,
Treze de Maio (SC),1052,0.737,832,0.729,1921,0.602,77,0.881,
Cidreira (RS),1052,0.729,817,0.73,1492,0.625,792,0.848,
Roca Sales (RS),1052,0.729,360,0.753,1921,0.602,610,0.853,
Assaí (PR),1081,0.733,937,0.724,1176,0.641,1515,0.833,
Carambeí (PR),1081,0.732,1008,0.721,1193,0.640,1370,0.836,
Terra Boa (PR),1081,0.730,1346,0.708,581,0.680,2990,0.803,
Caibi (SC),1081,0.733,665,0.737,1370,0.631,1647,0.830,
Balneário Gaivota (SC),1081,0.733,739,0.734,1556,0.622,986,0.844,
Santiago do Sul (SC),1081,0.731,805,0.731,995,0.652,2611,0.811,
Sombrio (SC),1081,0.735,832,0.729,1649,0.617,473,0.858,
Pedras Grandes (SC),1081,0.735,1166,0.715,1577,0.621,204,0.870,
Boa Vista do Sul (RS),1081,0.728,190,0.77,2210,0.587,643,0.852,
Tuparendi (RS),1081,0.728,739,0.734,1350,0.632,1560,0.832,
Cândido Godói (RS),1081,0.728,1039,0.72,1457,0.627,610,0.853,
Ipê (RS),1081,0.728,398,0.751,1633,0.618,1603,0.831,
Bandeirantes (PR),1107,0.730,1190,0.714,898,0.658,2216,0.819,
São João (PR),1107,0.731,1741,0.695,870,0.660,1281,0.838,
Santa Helena (SC),1107,0.730,1424,0.705,982,0.653,1515,0.833,
Taquara (RS),1107,0.727,349,0.754,2352,0.579,83,0.88,
Mato Castelhano (RS),1107,0.727,375,0.752,1802,0.608,1238,0.839,
Coronel Pilar (RS),1107,0.727,223,0.766,1957,0.6,1419,0.835,
Sant'Ana do Livramento (RS),1107,0.727,1166,0.715,1271,0.636,901,0.846,
Ibiporã (PR),1133,0.729,1039,0.720,1068,0.647,2112,0.821,
Irati (PR),1133,0.730,1166,0.715,1193,0.640,1419,0.835,
Munhoz de Melo (PR),1133,0.731,1449,0.704,1308,0.634,527,0.856,
Pérola D'Oeste (PR),1133,0.728,1678,0.697,593,0.679,2696,0.809,
Camboriú (SC),1133,0.734,692,0.736,1957,0.600,276,0.866,
Ermo (SC),1133,0.729,1346,0.708,719,0.670,2754,0.808,
Jacutinga (RS),1133,0.726,1473,0.703,1271,0.636,551,0.855,
São Martinho (RS),1133,0.726,739,0.734,1433,0.628,1647,0.83,
Sapucaia do Sul (RS),1133,0.726,897,0.726,1517,0.624,986,0.844,
Sertaneja (PR),1154,0.728,937,0.724,1010,0.651,2696,0.809,
Loanda (PR),1154,0.728,937,0.724,1097,0.645,2407,0.815,
São Manoel do Paraná (PR),1154,0.729,1008,0.721,1193,0.640,1905,0.825,
Matelândia (PR),1154,0.729,1166,0.715,1157,0.642,1603,0.831,
São Tomé (PR),1154,0.728,1372,0.707,870,0.660,2357,0.816,
Cambira (PR),1154,0.729,1516,0.702,1010,0.651,1419,0.835,
Andirá (PR),1154,0.729,1890,0.690,870,0.660,1281,0.838,
Ibiam (SC),1154,0.729,665,0.737,1370,0.631,2161,0.820,
Agrolândia (SC),1154,0.729,870,0.727,1329,0.633,1798,0.827,
Garuva (SC),1154,0.729,1111,0.717,1193,0.640,1647,0.830,
Santa Bárbara do Sul (RS),1154,0.725,1136,0.716,1308,0.634,1128,0.841,
Miraguaí (RS),1154,0.725,532,0.744,1712,0.613,1315,0.837,
Ponte Preta (RS),1154,0.725,870,0.727,1957,0.6,135,0.874,
Pontão (RS),1154,0.725,1346,0.708,1535,0.623,319,0.864,
São José do Sul (RS),1154,0.725,166,0.774,2157,0.59,1370,0.836,
Santa Cecília do Sul (RS),1154,0.725,125,0.781,2322,0.581,1238,0.839,
Guaíra (PR),1191,0.730,621,0.739,1687,0.615,1370,0.836,
Douradina (PR),1191,0.728,1008,0.721,1112,0.644,2259,0.818,
Indianópolis (PR),1191,0.728,1372,0.707,1157,0.642,1419,0.835,
Botuverá (SC),1191,0.731,580,0.741,1880,0.604,792,0.848,
Ronda Alta (RS),1191,0.724,832,0.729,1957,0.6,257,0.867,
Marcelino Ramos (RS),1191,0.724,715,0.735,1633,0.618,1464,0.834,
Ivorá (RS),1191,0.724,1248,0.712,1921,0.602,22,0.886,
Doutor Ricardo (RS),1191,0.724,435,0.749,2084,0.593,551,0.855,
Ibiraiaras (RS),1191,0.724,621,0.739,1687,0.615,1419,0.835,
Peabiru (PR),1217,0.727,870,0.727,1416,0.629,1846,0.826,
Sertanópolis (PR),1217,0.726,1069,0.719,945,0.655,2940,0.804,
Arapoti (PR),1217,0.727,1166,0.715,1133,0.643,1987,0.823,
Coronel Vivida (PR),1217,0.726,1190,0.714,982,0.653,2661,0.810,
Diamante do Norte (PR),1217,0.727,1605,0.699,914,0.657,1951,0.824,
Formosa do Oeste (PR),1217,0.727,1817,0.692,995,0.652,1370,0.836,
Santa Cecília do Pavão (PR),1217,0.727,2119,0.681,849,0.661,1281,0.838,
Erval Velho (SC),1217,0.732,692,0.736,2111,0.592,238,0.868,
Águas Mornas (SC),1217,0.730,805,0.731,1835,0.606,610,0.853,
Cruzeiro do Sul (RS),1217,0.723,494,0.746,1822,0.607,1515,0.833,
Vespasiano Correa (RS),1217,0.723,303,0.758,2266,0.584,551,0.855,
Seberi (RS),1217,0.723,1405,0.706,1593,0.62,303,0.865,
Bom Progresso (RS),1217,0.723,1576,0.7,1133,0.643,1183,0.84,
Porto Xavier (RS),1217,0.723,1967,0.687,1433,0.628,118,0.876,
Barra do Rio Azul (RS),1217,0.723,1473,0.703,1232,0.638,1075,0.842,
Marmeleiro (PR),1244,0.728,817,0.730,1712,0.613,1075,0.842,
Nova Esperança (PR),1244,0.727,961,0.723,1433,0.628,1704,0.829,
Realeza (PR),1244,0.727,1039,0.720,1395,0.630,1647,0.830,
Califórnia (PR),1244,0.726,1091,0.718,1232,0.638,2112,0.821,
Virmond (PR),1244,0.728,1346,0.708,1433,0.628,792,0.848,
São Jorge D'Oeste (PR),1244,0.725,1424,0.705,930,0.656,2504,0.813,
Iraceminha (SC),1244,0.728,1293,0.710,1433,0.628,943,0.845,
Cambará (PR),1266,0.725,1268,0.711,1097,0.645,2259,0.818,
Ângulo (PR),1266,0.725,1424,0.705,1112,0.644,1798,0.827,
Marumbi (PR),1266,0.725,1424,0.705,1133,0.643,1846,0.826,
Uraí (PR),1266,0.725,1649,0.698,945,0.655,2112,0.821,
Altônia (PR),1266,0.726,1890,0.690,1176,0.641,792,0.848,
Kaloré (PR),1266,0.726,2343,0.673,914,0.657,792,0.848,
Jaguaruna (SC),1266,0.726,1069,0.719,1433,0.628,1647,0.830,
Curitibanos (SC),1266,0.727,1136,0.716,1593,0.620,901,0.846,
Giruá (RS),1266,0.721,1372,0.707,1416,0.629,1075,0.842,
Vacaria (RS),1266,0.721,596,0.74,1857,0.605,1281,0.838,
Igrejinha (RS),1266,0.721,435,0.749,2531,0.571,118,0.876,
Ourizona (PR),1301,0.723,1008,0.721,1112,0.644,2990,0.803,
Fazenda Rio Grande (PR),1301,0.726,1217,0.713,1649,0.617,846,0.847,
Verê (PR),1301,0.725,1318,0.709,1473,0.626,1183,0.840,
Santa Isabel do Ivaí (PR),1301,0.723,1678,0.697,930,0.656,2307,0.817,
Uniflor (PR),1301,0.724,1890,0.690,945,0.655,1846,0.826,
Boa Esperança (PR),1301,0.723,1967,0.687,686,0.673,2754,0.808,
Pouso Redondo (SC),1301,0.728,848,0.728,1995,0.598,501,0.857,
Timbé do Sul (SC),1301,0.728,1008,0.721,1835,0.606,527,0.856,
Passo de Torres (SC),1301,0.727,1741,0.695,1633,0.618,222,0.869,
Palmitinho (RS),1301,0.72,1372,0.707,1350,0.632,1370,0.836,
São Valentim (RS),1301,0.72,517,0.745,1727,0.612,2161,0.82,
André da Rocha (RS),1301,0.72,639,0.738,1857,0.605,1315,0.837,
Faxinal do Soturno (RS),1301,0.72,784,0.732,2014,0.597,581,0.854,
Pinhal (RS),1301,0.72,1547,0.701,1517,0.624,643,0.852,
São Mateus do Sul (PR),1331,0.724,1268,0.711,1535,0.623,1281,0.838,
Mamborê (PR),1331,0.723,1649,0.698,1032,0.649,2112,0.821,
Guaporema (PR),1331,0.722,1996,0.686,708,0.671,2754,0.808,
Jupiá (SC),1331,0.727,1346,0.708,1766,0.610,372,0.862,
Celso Ramos (SC),1331,0.723,2822,0.651,450,0.692,1846,0.826,
Caibaté (RS),1331,0.719,1318,0.709,1744,0.611,501,0.857,
Tramandaí (RS),1331,0.719,870,0.727,1835,0.606,1075,0.842,
Barão de Cotegipe (RS),1331,0.719,517,0.745,2084,0.593,1075,0.842,
Ciríaco (RS),1331,0.719,937,0.724,1957,0.6,551,0.855,
Cruzaltense (RS),1331,0.719,937,0.724,1857,0.605,759,0.849,
Santo Antônio da Platina (PR),1362,0.722,765,0.733,1649,0.617,2307,0.817,
Palmeira (PR),1362,0.723,918,0.725,1633,0.618,1846,0.826,
Mandaguaçu (PR),1362,0.722,1111,0.717,1492,0.625,1905,0.825,
Jussara (PR),1362,0.723,1136,0.716,1615,0.619,1419,0.835,
Campina Grande do Sul (PR),1362,0.726,1248,0.712,1857,0.605,425,0.860,
Cidade Gaúcha (PR),1362,0.721,1248,0.712,1097,0.645,2899,0.805,
Salto do Lontra (PR),1362,0.724,1372,0.707,1492,0.625,1238,0.839,
Jaboti (PR),1362,0.722,1605,0.699,1193,0.640,1798,0.827,
Bom Jesus (SC),1362,0.724,596,0.740,1835,0.606,1798,0.827,
Paial (SC),1362,0.724,1424,0.705,1593,0.620,846,0.847,
Vargem Bonita (SC),1362,0.721,1424,0.705,930,0.656,3077,0.801,
Praia Grande (SC),1362,0.723,1817,0.692,1271,0.636,1183,0.840,
Três Cachoeiras (RS),1362,0.718,989,0.722,1835,0.606,846,0.847,
Nova Santa Rita (RS),1362,0.718,1136,0.716,1835,0.606,610,0.853,
Tupandi (RS),1362,0.718,565,0.742,2014,0.597,1370,0.836,
Guaratuba (PR),1398,0.723,665,0.737,1880,0.604,1747,0.828,
São Pedro do Ivaí (PR),1398,0.722,1516,0.702,1457,0.627,1370,0.836,
Paula Freitas (PR),1398,0.723,1605,0.699,1556,0.622,846,0.847,
Cruzeiro do Oeste (PR),1398,0.721,1649,0.698,1193,0.640,1905,0.825,
Borrazópolis (PR),1398,0.722,1741,0.695,1329,0.633,1281,0.838,
Paranacity (PR),1398,0.722,1915,0.689,1232,0.638,1238,0.839,
Santa Inês (PR),1398,0.720,2295,0.675,883,0.659,1798,0.827,
Nova Aliança do Ivaí (PR),1398,0.719,2343,0.673,465,0.691,3362,0.794,
Guatambú (SC),1398,0.722,1136,0.716,1473,0.626,1987,0.823,
Tigrinhos (SC),1398,0.722,1939,0.688,1329,0.633,901,0.846,
Engenho Velho (RS),1398,0.717,715,0.735,1744,0.611,2112,0.821,
São José do Herval (RS),1398,0.717,1547,0.701,1556,0.622,846,0.847,
Viamão (RS),1398,0.717,1039,0.72,2133,0.591,276,0.866,
Santo Antônio da Patrulha (RS),1398,0.717,1091,0.718,2065,0.594,276,0.866,
Mato Queimado (RS),1398,0.717,1516,0.702,1904,0.603,204,0.87,
Eldorado do Sul (RS),1398,0.717,1111,0.717,1782,0.609,986,0.844,
Manoel Ribas (PR),1427,0.720,918,0.725,1433,0.628,2849,0.806,
Bela Vista do Paraíso (PR),1427,0.723,1008,0.721,1880,0.604,986,0.844,
Capitão Leônidas Marques (PR),1427,0.721,1248,0.712,1535,0.623,1704,0.829,
Nova Prata do Iguaçu (PR),1427,0.718,1268,0.711,1082,0.646,3214,0.798,
Ribeirão Claro (PR),1427,0.721,1449,0.704,1457,0.627,1560,0.832,
Paiçandu (PR),1427,0.721,1678,0.697,1350,0.632,1515,0.833,
Santo Antônio do Paraíso (PR),1427,0.719,2061,0.683,829,0.662,2504,0.813,
Fênix (PR),1427,0.720,2448,0.669,787,0.665,1905,0.825,
Petrolândia (SC),1427,0.720,596,0.740,1633,0.618,3026,0.802,
Doutor Pedrinho (SC),1427,0.722,1190,0.714,1782,0.609,1032,0.843,
Balneário Barra do Sul (SC),1427,0.723,1217,0.713,1744,0.611,986,0.844,
Jacinto Machado (SC),1427,0.720,1346,0.708,1329,0.633,2259,0.818,
Paulo Lopes (SC),1427,0.724,1372,0.707,1957,0.600,303,0.865,
Ernestina (RS),1427,0.716,1473,0.703,1727,0.612,581,0.854,
Júlio de Castilhos (RS),1427,0.716,765,0.733,1921,0.602,1515,0.833,
Jaguapitã (PR),1454,0.721,1190,0.714,1687,0.615,1464,0.834,
Quinta do Sol (PR),1454,0.721,1915,0.689,1370,0.631,1075,0.842,
São Sebastião da Amoreira (PR),1454,0.718,1915,0.689,1010,0.651,2453,0.814,
Farol (PR),1454,0.718,2405,0.671,787,0.665,2259,0.818,
Formosa do Sul (SC),1454,0.722,848,0.728,2084,0.593,943,0.845,
Arvoredo (SC),1454,0.722,1217,0.713,1766,0.610,1075,0.842,
Pouso Novo (RS),1454,0.715,232,0.765,2654,0.566,943,0.845,
Palmares do Sul (RS),1454,0.715,918,0.725,2111,0.592,643,0.852,
Putinga (RS),1454,0.715,517,0.745,2707,0.563,147,0.873,
Nova Esperança do Sudoeste (PR),1486,0.717,1190,0.714,1329,0.633,2899,0.805,
Terra Roxa (PR),1486,0.718,1678,0.697,1209,0.639,2259,0.818,
Quatiguá (PR),1486,0.716,1858,0.691,945,0.655,2990,0.803,
Catanduvas (SC),1486,0.718,961,0.723,1492,0.625,2849,0.806,
Riqueza (SC),1486,0.719,1516,0.702,1517,0.624,1647,0.830,
Campo Alegre (SC),1486,0.719,2230,0.677,1271,0.636,943,0.845,
Glorinha (RS),1486,0.714,1136,0.716,2084,0.593,451,0.859,
Mormaço (RS),1486,0.714,715,0.735,2427,0.576,425,0.86,
Rondon (PR),1514,0.718,937,0.724,1766,0.610,2161,0.820,
Carlópolis (PR),1514,0.718,1707,0.696,1492,0.625,1560,0.832,
Presidente Castelo Branco (PR),1514,0.720,1741,0.695,1802,0.608,501,0.857,
São José das Palmeiras (PR),1514,0.719,1996,0.686,1457,0.627,986,0.844,
Perobal (PR),1514,0.717,2035,0.684,1232,0.638,1647,0.830,
Cruzeiro do Sul (PR),1514,0.717,2090,0.682,1176,0.641,1747,0.828,
Imbuia (SC),1514,0.719,1136,0.716,1921,0.602,1183,0.840,
Águas de Chapecó (SC),1514,0.717,1248,0.712,1416,0.629,2611,0.811,
Canudos do Vale (RS),1514,0.713,398,0.751,2475,0.574,1183,0.84,
Portão (RS),1514,0.713,918,0.725,2266,0.584,527,0.856,
Itaqui (RS),1514,0.713,1967,0.687,1473,0.626,1032,0.843,
Japurá (PR),1546,0.717,1649,0.698,1535,0.623,1704,0.829,
Bom Jesus do Oeste (SC),1546,0.719,918,0.725,1945,0.601,1647,0.830,
Venâncio Aires (RS),1546,0.712,692,0.736,1957,0.6,2259,0.818,
Jaguari (RS),1546,0.712,739,0.734,2633,0.567,276,0.866,
Sede Nova (RS),1546,0.712,398,0.751,3137,0.543,22,0.886,
Lindolfo Collor (RS),1546,0.712,1248,0.712,1945,0.601,1075,0.842,
Eugênio de Castro (RS),1546,0.712,1678,0.697,2266,0.584,40,0.885,
Erebango (RS),1546,0.712,1915,0.689,1473,0.626,1315,0.837,
Crissiumal (RS),1546,0.712,1516,0.702,1670,0.616,1419,0.835,
Santa Vitória do Palmar (RS),1546,0.712,1318,0.709,2133,0.591,390,0.861,
Missal (PR),1574,0.717,1190,0.714,1802,0.608,1747,0.828,
Sapiranga (RS),1574,0.711,989,0.722,1995,0.598,1560,0.832,
Morrinhos do Sul (RS),1574,0.711,1039,0.72,2084,0.593,1075,0.842,
Ibaiti (PR),1595,0.716,639,0.738,2035,0.596,2504,0.813,
Quarto Centenário (PR),1595,0.715,937,0.724,1904,0.603,2216,0.819,
Prado Ferreira (PR),1595,0.717,1372,0.707,2084,0.593,643,0.852,
Lupionópolis (PR),1595,0.718,1473,0.703,2045,0.595,527,0.856,
Nova Olímpia (PR),1595,0.714,1605,0.699,1370,0.631,2504,0.813,
Terra Rica (PR),1595,0.716,1649,0.698,1712,0.613,1315,0.837,
Santa Cruz de Monte Castelo (PR),1595,0.715,2119,0.681,1329,0.633,1603,0.831,
Novo Itacolomi (PR),1595,0.715,2119,0.681,1329,0.633,1603,0.831,
Pitangueiras (PR),1595,0.715,2428,0.670,1308,0.634,1075,0.842,
Witmarsum (SC),1595,0.722,621,0.739,2844,0.557,204,0.870,
São Miguel da Boa Vista (SC),1595,0.714,765,0.733,1687,0.615,3329,0.795,
Barracão (RS),1595,0.71,1268,0.711,2600,0.568,40,0.885,
Pinheirinho do Vale (RS),1595,0.71,1217,0.713,1822,0.607,1747,0.828,
Três Coroas (RS),1595,0.71,596,0.74,2266,0.584,1704,0.829,
Paulo Bento (RS),1595,0.71,817,0.73,2531,0.571,473,0.858,
Cruzeiro do Iguaçu (PR),1638,0.712,1473,0.703,1176,0.641,3428,0.792,
Ampére (PR),1638,0.714,1605,0.699,1593,0.620,1951,0.824,
Ouro Verde do Oeste (PR),1638,0.713,1939,0.688,1308,0.634,2307,0.817,
Paranapoema (PR),1638,0.714,2149,0.680,1416,0.629,1464,0.834,
Nossa Senhora das Graças (PR),1638,0.714,2182,0.679,1370,0.631,1560,0.832,
Jardinópolis (SC),1638,0.714,1346,0.708,1744,0.611,1987,0.823,
São Pedro do Sul (RS),1638,0.709,1649,0.698,1615,0.619,1951,0.824,
Tupanciretã (RS),1638,0.709,1008,0.721,2035,0.596,1747,0.828,
Piraí do Sul (PR),1665,0.712,1516,0.702,1615,0.619,2357,0.816,
Alvorada do Sul (PR),1665,0.713,1741,0.695,1649,0.617,1846,0.826,
Paulo Frontin (PR),1665,0.711,1939,0.688,1209,0.639,2849,0.806,
Mallet (PR),1665,0.712,2119,0.681,1097,0.645,2696,0.809,
Juranda (PR),1665,0.712,2212,0.678,1209,0.639,2259,0.818,
Flor do Sertão (SC),1665,0.712,692,0.736,1802,0.608,3428,0.792,
Apiúna (SC),1665,0.715,715,0.735,2266,0.584,1798,0.827,
Ibicaré (SC),1665,0.715,739,0.734,2233,0.586,1846,0.826,
Galvão (SC),1665,0.712,1449,0.704,1633,0.618,2407,0.815,
Itaiópolis (SC),1665,0.714,1576,0.700,1835,0.606,1370,0.836,
Mirim Doce (SC),1665,0.712,2061,0.683,1329,0.633,2112,0.821,
Campos Borges (RS),1665,0.708,1449,0.704,1670,0.616,2216,0.819,
Tenente Portela (RS),1665,0.708,1318,0.709,1904,0.603,1647,0.83,
São Sepé (RS),1665,0.708,1346,0.708,2427,0.576,181,0.871,
Dom Pedrito (RS),1665,0.708,1166,0.715,2245,0.585,792,0.848,
Rancho Alegre (PR),1696,0.711,1858,0.691,1329,0.633,2754,0.808,
Conselheiro Mairinck (PR),1696,0.710,2295,0.675,1020,0.650,2849,0.806,
Itaguajé (PR),1696,0.709,2375,0.672,802,0.664,3475,0.791,
Iracema do Oeste (PR),1696,0.713,2375,0.672,1395,0.630,1370,0.836,
Leópolis (PR),1696,0.711,2709,0.657,815,0.663,2562,0.812,
Sul Brasil (SC),1696,0.713,1217,0.713,2045,0.595,1560,0.832,
Irati (SC),1696,0.713,1768,0.694,1782,0.609,1370,0.836,
Arroio do Tigre (RS),1696,0.707,1346,0.708,2174,0.589,792,0.848,
Áurea (RS),1696,0.707,1166,0.715,2185,0.588,1128,0.841,
Jaguarão (RS),1696,0.707,1649,0.698,1802,0.608,1560,0.832,
Derrubadas (RS),1696,0.707,2562,0.664,1433,0.628,901,0.846,
São José do Hortêncio (RS),1696,0.707,1111,0.717,2014,0.597,1951,0.824,
Capanema (PR),1720,0.710,1069,0.719,1744,0.611,3077,0.801,
Barracão (PR),1720,0.713,1136,0.716,2157,0.590,1515,0.833,
Laranjeiras do Sul (PR),1720,0.713,1318,0.709,2065,0.594,1419,0.835,
Planalto (PR),1720,0.709,1449,0.704,1271,0.636,3629,0.786,
Xambrê (PR),1720,0.711,1473,0.703,1835,0.606,1905,0.825,
Lapa (PR),1720,0.713,1707,0.696,2045,0.595,792,0.848,
Iporã (PR),1720,0.712,1707,0.696,1744,0.611,1704,0.829,
Ivaté (PR),1720,0.709,2035,0.684,1176,0.641,2990,0.803,
Dionísio Cerqueira (SC),1720,0.711,1473,0.703,1766,0.610,2161,0.820,
Princesa (SC),1720,0.711,1547,0.701,1744,0.611,2161,0.820,
Novo Horizonte (SC),1720,0.713,1576,0.700,2065,0.594,901,0.846,
Três Barras (SC),1720,0.710,2230,0.677,1209,0.639,2453,0.814,
Campestre da Serra (RS),1720,0.706,1217,0.713,2844,0.557,22,0.886,
Paim Filho (RS),1720,0.706,918,0.725,2816,0.558,204,0.87,
Novo Barreiro (RS),1720,0.706,739,0.734,2065,0.594,2754,0.808,
Chuí (RS),1720,0.706,2266,0.676,898,0.658,3428,0.792,
Coxilha (RS),1720,0.706,1797,0.693,2233,0.586,276,0.866,
Doutor Maurício Cardoso (RS),1720,0.706,1372,0.707,2084,0.593,1183,0.84,
Santa Fé (PR),1756,0.710,1008,0.721,1945,0.601,2754,0.808,
Santa Tereza do Oeste (PR),1756,0.709,1996,0.686,1350,0.632,2754,0.808,
Planaltina do Paraná (PR),1756,0.708,2090,0.682,1082,0.646,3329,0.795,
Jesuítas (PR),1756,0.711,2149,0.680,1687,0.615,1238,0.839,
Inajá (PR),1756,0.708,2266,0.676,1176,0.641,2805,0.807,
União do Oeste (SC),1756,0.711,1473,0.703,1835,0.606,1987,0.823,
Santa Rosa do Sul (SC),1756,0.709,1516,0.702,1633,0.618,2849,0.806,
Belmonte (SC),1756,0.710,1605,0.699,1744,0.611,2161,0.820,
Vila Lângaro (RS),1756,0.705,297,0.759,2967,0.551,1238,0.839,
São Miguel do Iguaçu (PR),1776,0.711,897,0.726,2185,0.588,2259,0.818,
Siqueira Campos (PR),1776,0.712,1346,0.708,2185,0.588,1238,0.839,
Santa Mônica (PR),1776,0.707,1649,0.698,1395,0.630,3428,0.792,
Araruna (PR),1776,0.706,2020,0.685,1050,0.648,3649,0.785,
São Pedro do Paraná (PR),1776,0.710,2212,0.678,1670,0.616,1370,0.836,
Campina da Lagoa (PR),1776,0.710,2230,0.677,1535,0.623,1704,0.829,
Rancho Alegre D'Oeste (PR),1776,0.710,2343,0.673,1492,0.625,1603,0.831,
Salto do Itararé (PR),1776,0.709,2626,0.661,1370,0.631,1370,0.836,
Lontras (SC),1776,0.711,715,0.735,2352,0.579,2161,0.820,
Palma Sola (SC),1776,0.707,1576,0.700,1556,0.622,3129,0.800,
Papanduva (SC),1776,0.710,1858,0.691,1904,0.603,1370,0.836,
Chapadão do Lageado (SC),1776,0.710,2149,0.680,1670,0.616,1515,0.833,
Caçapava do Sul (RS),1776,0.704,1605,0.699,2245,0.585,551,0.855,
Parobé (RS),1776,0.704,1576,0.7,2729,0.562,22,0.886,
Quaraí (RS),1776,0.704,2343,0.673,1782,0.609,643,0.852,
Castro (PR),1811,0.709,1449,0.704,1957,0.600,1987,0.823,
Tapejara (PR),1811,0.708,1768,0.694,1727,0.612,2216,0.819,
Maria Helena (PR),1811,0.710,2149,0.680,1822,0.607,1075,0.842,
Iguatu (PR),1811,0.707,2375,0.672,1248,0.637,2562,0.812,
Araquari (SC),1811,0.709,1707,0.696,1921,0.602,1647,0.830,
Três Palmeiras (RS),1811,0.703,478,0.747,2776,0.56,1560,0.832,
Campo Novo (RS),1811,0.703,2230,0.677,2084,0.593,276,0.866,
Boa Vista do Cadeado (RS),1811,0.703,1817,0.692,2157,0.59,702,0.851,
Entre Rios do Sul (RS),1811,0.703,1318,0.709,2509,0.572,501,0.857,
Caseiros (RS),1811,0.703,1707,0.696,1957,0.6,1515,0.833,
Vitorino (PR),1842,0.709,848,0.728,2304,0.582,2259,0.818,
Pitanga (PR),1842,0.706,1707,0.696,1577,0.621,3026,0.802,
Guapirama (PR),1842,0.705,2513,0.666,1097,0.645,2899,0.805,
Correia Pinto (SC),1842,0.706,1547,0.701,1703,0.614,2940,0.804,
Muitos Capões (RS),1842,0.702,1268,0.711,2816,0.558,147,0.873,
Viadutos (RS),1842,0.702,1166,0.715,2757,0.561,319,0.864,
Nonoai (RS),1842,0.702,1473,0.703,2133,0.591,1515,0.833,
Morro Redondo (RS),1842,0.702,1069,0.719,2844,0.557,319,0.864,
Primeiro de Maio (PR),1866,0.707,1741,0.695,1977,0.599,1846,0.826,
Braganey (PR),1866,0.704,1915,0.689,1457,0.627,3252,0.797,
Campo Magro (PR),1866,0.707,2020,0.685,1822,0.607,1747,0.828,
Ribeirão do Pinhal (PR),1866,0.706,2035,0.684,1744,0.611,1951,0.824,
Florestópolis (PR),1866,0.705,2090,0.682,1492,0.625,2805,0.807,
Morro Grande (SC),1866,0.712,565,0.742,3029,0.548,846,0.847,
Barra Bonita (SC),1866,0.707,1817,0.692,1977,0.599,1647,0.830,
Mariana Pimentel (RS),1866,0.701,1547,0.701,2600,0.568,276,0.866,
Tabaí (RS),1866,0.701,1768,0.694,2045,0.595,1464,0.834,
Travesseiro (RS),1866,0.701,715,0.735,2798,0.559,1238,0.839,
Centenário (RS),1866,0.701,1372,0.707,2578,0.569,527,0.856,
Porto Amazonas (PR),1904,0.706,1346,0.708,2045,0.595,2407,0.815,
Pérola (PR),1904,0.705,1449,0.704,1822,0.607,2940,0.804,
Joaquim Távora (PR),1904,0.704,1605,0.699,1712,0.613,3077,0.801,
Piraquara (PR),1904,0.711,1915,0.689,2475,0.574,222,0.869,
Santa Mariana (PR),1904,0.704,2035,0.684,1517,0.624,2940,0.804,
Salgado Filho (PR),1904,0.706,2090,0.682,1880,0.604,1603,0.831,
Boa Esperança do Iguaçu (PR),1904,0.708,2343,0.673,1921,0.602,792,0.848,
Vidal Ramos (SC),1904,0.706,848,0.728,2185,0.588,3026,0.802,
Paraíso (SC),1904,0.709,848,0.728,2671,0.565,1515,0.833,
Sangão (SC),1904,0.711,918,0.725,2908,0.554,610,0.853,
Boqueirão do Leão (RS),1904,0.7,918,0.725,2729,0.562,1032,0.843,
Cacequi (RS),1904,0.7,2149,0.68,1473,0.626,2805,0.807,
Ubiretama (RS),1904,0.7,1858,0.691,1712,0.613,2696,0.809,
Almirante Tamandaré (PR),1934,0.707,1405,0.706,2457,0.575,1183,0.840,
Vera Cruz do Oeste (PR),1934,0.705,1516,0.702,1945,0.601,2611,0.811,
Saudade do Iguaçu (PR),1934,0.703,1741,0.695,1744,0.611,2990,0.803,
Tomazina (PR),1934,0.704,2626,0.661,1556,0.622,1704,0.829,
Irineópolis (SC),1934,0.708,1039,0.720,2633,0.567,1370,0.836,
Bom Retiro (SC),1934,0.711,1449,0.704,2798,0.559,222,0.869,
Anchieta (SC),1934,0.704,1473,0.703,1802,0.608,3129,0.800,
Urupema (SC),1934,0.704,2490,0.667,1556,0.622,1987,0.823,
Caiçara (RS),1934,0.699,1008,0.721,2338,0.58,2307,0.817,
Lavras do Sul (RS),1934,0.699,2061,0.683,2399,0.577,238,0.868,
São Gabriel (RS),1934,0.699,1268,0.711,2245,0.585,2064,0.822,
Rosário do Sul (RS),1934,0.699,1424,0.705,2427,0.576,1128,0.841,
Alvorada (RS),1934,0.699,1768,0.694,2690,0.564,135,0.874,
Brochier (RS),1934,0.699,961,0.723,2908,0.554,702,0.851,
Maximiliano de Almeida (RS),1934,0.699,1605,0.699,2133,0.591,1905,0.825,
Mariópolis (PR),1969,0.704,1111,0.717,2133,0.591,2940,0.804,
Guaraci (PR),1969,0.704,1797,0.693,1995,0.598,2112,0.821,
Nova América da Colina (PR),1969,0.702,2747,0.655,1133,0.643,2696,0.809,
Major Gercino (SC),1969,0.706,639,0.738,2707,0.563,2259,0.818,
Água Doce (SC),1969,0.706,937,0.724,2475,0.574,2161,0.820,
Santa Cecília (SC),1969,0.704,1678,0.697,2014,0.597,2216,0.819,
Porto Mauá (RS),1969,0.698,2375,0.672,1802,0.608,1603,0.831,
Fazenda Vilanova (RS),1969,0.698,897,0.726,2844,0.557,1128,0.841,
Passo do Sobrado (RS),1969,0.698,897,0.726,2967,0.551,702,0.851,
Candiota (RS),1969,0.698,1449,0.704,2729,0.562,425,0.86,
Arroio dos Ratos (RS),1969,0.698,1576,0.7,2293,0.583,1515,0.833,
Tapira (PR),1995,0.701,1915,0.689,1615,0.619,3362,0.794,
Pinhalão (PR),1995,0.703,2182,0.679,1945,0.601,1747,0.828,
Bom Jesus do Sul (PR),1995,0.700,3021,0.640,930,0.656,2899,0.805,
Rio das Antas (SC),1995,0.705,870,0.727,2578,0.569,2161,0.820,
Canelinha (SC),1995,0.710,961,0.723,3163,0.542,303,0.865,
Dona Francisca (RS),1995,0.697,1091,0.718,2600,0.568,1603,0.831,
Camaquã (RS),1995,0.697,1166,0.715,2377,0.578,2216,0.819,
Maratá (RS),1995,0.697,832,0.729,3207,0.54,372,0.862,
Cambará do Sul (RS),1995,0.697,1424,0.705,2475,0.574,1281,0.838,
Balsa Nova (PR),2028,0.703,1372,0.707,2352,0.579,1987,0.823,
Janiópolis (PR),2028,0.702,1939,0.688,2084,0.593,1846,0.826,
Alto Paraná (PR),2028,0.704,2182,0.679,2210,0.587,901,0.846,
Santa Izabel do Oeste (PR),2028,0.702,2230,0.677,1904,0.603,1846,0.826,
Japira (PR),2028,0.702,2295,0.675,1904,0.603,1798,0.827,
Barbosa Ferraz (PR),2028,0.700,2490,0.667,1492,0.625,2754,0.808,
Santo Antônio do Caiuá (PR),2028,0.701,2842,0.650,1350,0.632,2161,0.820,
Bom Jardim da Serra (SC),2028,0.704,1293,0.710,2600,0.568,1419,0.835,
Abelardo Luz (SC),2028,0.705,2035,0.684,2377,0.578,643,0.852,
Coronel Martins (SC),2028,0.701,2212,0.678,1782,0.609,2357,0.816,
Balneário Pinhal (RS),2028,0.696,1293,0.71,2633,0.567,1370,0.836,
São Jerônimo (RS),2028,0.696,739,0.734,2776,0.56,2064,0.822,
Sarandi (PR),2059,0.703,2119,0.681,2352,0.579,722,0.850,
Anahy (PR),2059,0.703,2405,0.671,2084,0.593,986,0.844,
Pinhal de São Bento (PR),2059,0.699,2448,0.669,1473,0.626,3077,0.801,
Tuneiras do Oeste (PR),2059,0.699,2613,0.662,1416,0.629,2899,0.805,
Ouro Verde (SC),2059,0.699,1707,0.696,1744,0.611,3511,0.790,
São João do Sul (SC),2059,0.703,2090,0.682,2210,0.587,1183,0.840,
Alegria (RS),2059,0.695,1111,0.717,2509,0.572,2259,0.818,
Tapes (RS),2059,0.695,1605,0.699,2866,0.556,372,0.862,
Clevelândia (PR),2078,0.701,1091,0.718,2490,0.573,2504,0.813,
Piên (PR),2078,0.698,2230,0.677,1670,0.616,3026,0.802,
Itambaracá (PR),2078,0.697,2562,0.664,1209,0.639,3540,0.789,
Urubici (SC),2078,0.702,989,0.722,2729,0.562,1987,0.823,
José Boiteux (SC),2078,0.703,1915,0.689,2377,0.578,1128,0.841,
Abdon Batista (SC),2078,0.699,2647,0.660,1492,0.625,2562,0.812,
São João da Urtiga (RS),2078,0.694,1516,0.702,2457,0.575,1747,0.828,
Tupanci do Sul (RS),2078,0.694,1939,0.688,2045,0.595,2259,0.818,
Arvorezinha (RS),2078,0.694,1217,0.713,2457,0.575,2307,0.817,
Agudo (RS),2078,0.694,375,0.752,3502,0.524,846,0.847,
Guairaçá (PR),2105,0.700,1649,0.698,2475,0.574,1704,0.829,
Sulina (PR),2105,0.703,2035,0.684,2557,0.570,581,0.854,
Cafeara (PR),2105,0.699,2061,0.683,1921,0.602,2611,0.811,
São João do Ivaí (PR),2105,0.697,2230,0.677,1744,0.611,2990,0.803,
Ponte Serrada (SC),2105,0.697,1890,0.690,1766,0.610,3511,0.790,
Independência (RS),2105,0.693,1268,0.711,2427,0.576,2504,0.813,
Porto Lucena (RS),2105,0.693,1576,0.7,2457,0.575,1798,0.827,
Senador Salgado Filho (RS),2105,0.693,1547,0.701,2322,0.581,2307,0.817,
Rio Pardo (RS),2105,0.693,1516,0.702,2776,0.56,901,0.846,
Cafezal do Sul (PR),2134,0.696,1996,0.686,1744,0.611,3428,0.792,
Romelândia (SC),2134,0.700,639,0.738,2757,0.561,3129,0.800,
Bossoroca (RS),2134,0.692,2535,0.665,1802,0.608,2112,0.821,
Machadinho (RS),2134,0.692,1268,0.711,2399,0.577,2805,0.807,
São Paulo das Missões (RS),2134,0.692,1939,0.688,2266,0.584,1905,0.825,
Coqueiro Baixo (RS),2134,0.692,1473,0.703,3348,0.532,22,0.886,
Marilândia do Sul (PR),2161,0.698,2562,0.664,1977,0.599,1603,0.831,
Caxambu do Sul (SC),2161,0.706,918,0.725,3522,0.523,204,0.870,
Arambaré (RS),2161,0.691,1768,0.694,2557,0.57,1515,0.833,
Iraí (RS),2161,0.691,2035,0.684,2157,0.59,2216,0.819,
Dom Pedro de Alcântara (RS),2161,0.691,1678,0.697,2399,0.577,2161,0.82,
Lunardelli (PR),2182,0.696,2747,0.655,1822,0.607,1846,0.826,
Campo Erê (SC),2182,0.695,1516,0.702,2045,0.595,3594,0.787,
Major Vieira (SC),2182,0.696,2789,0.653,1649,0.617,2307,0.817,
Porto Vera Cruz (RS),2182,0.69,2626,0.661,1957,0.6,1798,0.827,
Jardim Alegre (PR),2199,0.697,1707,0.696,2578,0.569,1798,0.827,
Esperança Nova (PR),2199,0.694,1890,0.690,2065,0.594,3167,0.799,
Ponte Alta do Norte (SC),2199,0.695,2626,0.661,1857,0.605,2216,0.819,
Quatro Irmãos (RS),2199,0.689,1741,0.695,2671,0.565,1515,0.833,
Terra de Areia (RS),2199,0.689,1605,0.699,2671,0.565,1704,0.829,
Nova Hartz (RS),2199,0.689,1768,0.694,2707,0.563,1370,0.836,
Rolador (RS),2199,0.689,2266,0.676,2352,0.579,1464,0.834,
Sertão Santana (RS),2199,0.689,665,0.737,3300,0.534,1560,0.832,
Muliterno (RS),2199,0.689,596,0.74,3053,0.547,2754,0.808,
Butiá (RS),2199,0.689,1858,0.691,2816,0.558,792,0.848,
Tiradentes do Sul (RS),2199,0.689,1424,0.705,2578,0.569,2407,0.815,
Mangueirinha (PR),2224,0.695,1741,0.695,2352,0.579,2611,0.811,
Nova Fátima (PR),2224,0.695,2119,0.681,2266,0.584,2216,0.819,
Porto Barreiro (PR),2224,0.695,2266,0.676,2185,0.588,2112,0.821,
Querência do Norte (PR),2224,0.693,2490,0.667,1880,0.604,2754,0.808,
Jundiaí do Sul (PR),2224,0.694,2647,0.660,1857,0.605,2307,0.817,
Anita Garibaldi (SC),2224,0.695,2490,0.667,2111,0.592,1846,0.826,
Rolante (RS),2224,0.688,1346,0.708,2924,0.553,1647,0.83,
Roque Gonzales (RS),2224,0.688,1967,0.687,2707,0.563,1032,0.843,
Novo Cabrais (RS),2224,0.688,1678,0.697,3029,0.548,643,0.852,
Rio Azul (PR),2251,0.697,848,0.728,3122,0.544,2216,0.819,
Faxinal (PR),2251,0.692,1678,0.697,2266,0.584,3292,0.796,
Wenceslau Braz (PR),2251,0.692,1817,0.692,2065,0.594,3511,0.790,
Santa Lúcia (PR),2251,0.692,1939,0.688,2111,0.592,3329,0.795,
Antonina (PR),2251,0.696,1996,0.686,2690,0.564,1281,0.838,
Abatiá (PR),2251,0.692,2266,0.676,2035,0.596,2940,0.804,
Jataizinho (PR),2251,0.696,2448,0.669,2475,0.574,943,0.845,
Santana do Itararé (PR),2251,0.696,2767,0.654,2245,0.585,792,0.848,
São Joaquim (SC),2251,0.695,1424,0.705,2729,0.562,2307,0.817,
Angelina (SC),2251,0.692,1605,0.699,2322,0.581,3252,0.797,
Herval (RS),2251,0.687,817,0.73,3434,0.527,1032,0.843,
Planalto (RS),2251,0.687,2318,0.674,2014,0.597,2805,0.807,
Marques de Souza (RS),2251,0.687,548,0.743,3696,0.515,759,0.849,
São Lourenço do Sul (RS),2251,0.687,989,0.722,3419,0.528,759,0.849,
Aceguá (RS),2251,0.687,1473,0.703,3183,0.541,643,0.852,
Trindade do Sul (RS),2251,0.687,2295,0.675,1766,0.61,3594,0.787,
Salto do Jacuí (RS),2251,0.687,1797,0.693,2816,0.558,1315,0.837,
Morretes (PR),2282,0.697,1293,0.710,3122,0.544,1315,0.837,
Bom Sucesso (PR),2282,0.694,1817,0.692,2557,0.570,2161,0.820,
Campo do Tenente (PR),2282,0.691,2626,0.661,1835,0.606,2849,0.806,
Leoberto Leal (SC),2282,0.697,596,0.740,3328,0.533,2259,0.818,
Vargeão (SC),2282,0.695,1346,0.708,2967,0.551,1798,0.827,
Santo Antônio das Missões (RS),2282,0.686,2375,0.672,2427,0.576,1419,0.835,
General Câmara (RS),2282,0.686,1449,0.704,2953,0.552,1560,0.832,
Jóia (RS),2282,0.686,2405,0.671,2509,0.572,1128,0.841,
Porto Vitória (PR),2309,0.690,2318,0.674,1957,0.600,3292,0.796,
Ibema (PR),2309,0.688,2562,0.664,1687,0.615,3629,0.786,
Gramado dos Loureiros (RS),2309,0.685,2613,0.662,2266,0.584,1560,0.832,
São Vicente do Sul (RS),2309,0.685,1649,0.698,2924,0.553,1603,0.831,
São Francisco de Paula (RS),2309,0.685,1547,0.701,3300,0.534,425,0.86,
Liberato Salzano (RS),2309,0.685,2149,0.68,2293,0.583,2661,0.81,
Erval Seco (RS),2309,0.685,2513,0.666,2174,0.589,2112,0.821,
Maçambará (RS),2332,0.684,2562,0.664,2338,0.58,1560,0.832,
São Pedro do Iguaçu (PR),2359,0.689,1967,0.687,2322,0.581,3214,0.798,
Honório Serpa (PR),2359,0.688,2924,0.645,1727,0.612,2805,0.807,
Toropi (RS),2359,0.683,2149,0.68,2578,0.569,2064,0.822,
Forquetinha (RS),2359,0.683,548,0.743,4259,0.484,22,0.886,
Sete de Setembro (RS),2359,0.683,2090,0.682,2399,0.577,2661,0.81,
Progresso (RS),2359,0.683,1424,0.705,3480,0.525,390,0.861,
Restinga Seca (RS),2359,0.683,1318,0.709,3163,0.542,1747,0.828,
Paverama (RS),2359,0.683,1547,0.701,3183,0.541,1183,0.84,
São Carlos do Ivaí (PR),2386,0.692,1473,0.703,3053,0.547,1905,0.825,
Flor da Serra do Sul (PR),2386,0.691,2149,0.680,2776,0.560,1515,0.833,
Jardim Olinda (PR),2386,0.687,2448,0.669,1957,0.600,3475,0.791,
Santa Terezinha do Progresso (SC),2386,0.687,1996,0.686,2245,0.585,3475,0.791,
Frei Rogério (SC),2386,0.688,2562,0.664,2185,0.588,2562,0.812,
Formigueiro (RS),2386,0.682,1890,0.69,3011,0.549,1281,0.838,
Ametista do Sul (RS),2386,0.682,1678,0.697,2729,0.562,2696,0.809,
Maquiné (RS),2386,0.682,1741,0.695,3618,0.519,83,0.88,
Contenda (PR),2412,0.689,1678,0.697,2888,0.555,2357,0.816,
Quedas do Iguaçu (PR),2412,0.687,1890,0.690,2427,0.576,3362,0.794,
Campo Bonito (PR),2412,0.688,1890,0.690,2729,0.562,2504,0.813,
Três Barras do Paraná (PR),2412,0.690,2061,0.683,2844,0.557,1603,0.831,
Brasilândia do Sul (PR),2412,0.688,2149,0.680,2509,0.572,2504,0.813,
Bela Vista da Caroba (PR),2412,0.689,2490,0.667,2509,0.572,1747,0.828,
Roncador (PR),2412,0.686,2535,0.665,2045,0.595,3252,0.797,
Marilena (PR),2412,0.688,2822,0.651,2245,0.585,1747,0.828,
Itatiba do Sul (RS),2412,0.681,1707,0.696,2633,0.567,3077,0.801,
Minas do Leão (RS),2412,0.681,548,0.743,3716,0.514,1846,0.826,
Erval Grande (RS),2412,0.681,1217,0.713,3961,0.501,40,0.885,
Nova Santa Bárbara (PR),2439,0.685,2466,0.668,2185,0.588,3167,0.799,
Lidianópolis (PR),2439,0.686,2709,0.657,1995,0.598,3026,0.802,
Mirador (PR),2439,0.685,2732,0.656,1977,0.599,3129,0.800,
Quitandinha (PR),2439,0.686,2871,0.648,1904,0.603,2849,0.806,
Esmeralda (RS),2439,0.68,2448,0.669,2578,0.569,1798,0.827,
Entre-Ijuís (RS),2439,0.68,1817,0.692,3029,0.548,1704,0.829,
Rio Branco do Sul (PR),2462,0.690,2182,0.679,3100,0.545,846,0.847,
Araricá (RS),2462,0.679,1707,0.696,3053,0.547,1951,0.824,
Estrela Velha (RS),2462,0.679,1372,0.707,2776,0.56,3428,0.792,
Catanduvas (PR),2481,0.685,2230,0.677,2490,0.573,2899,0.805,
Alto Paraíso (PR),2481,0.687,2230,0.677,2866,0.556,1704,0.829,
Pedro Osório (RS),2481,0.678,2061,0.683,2967,0.551,1704,0.829,
Pinhal Grande (RS),2481,0.678,2375,0.672,2399,0.577,2940,0.804,
Sagrada Família (RS),2481,0.678,2448,0.669,2035,0.596,3704,0.782,
Guaraniaçu (PR),2503,0.689,1649,0.698,3419,0.528,1128,0.841,
Figueira (PR),2503,0.683,2149,0.680,2578,0.569,3077,0.801,
São Bernardino (SC),2503,0.684,2789,0.653,2399,0.577,2064,0.822,
São Jorge do Patrocínio (PR),2524,0.685,1516,0.702,3137,0.543,2661,0.810,
Alto Piquiri (PR),2524,0.682,2448,0.669,2377,0.578,3214,0.798,
Prudentópolis (PR),2524,0.683,2562,0.664,2399,0.577,2805,0.807,
Arapuã (PR),2524,0.683,3048,0.638,2266,0.584,1747,0.828,
Santa Maria do Herval (RS),2524,0.676,1136,0.716,3792,0.51,901,0.846,
Paraíso do Sul (RS),2524,0.676,1817,0.692,3249,0.537,1603,0.831,
Novo Tiradentes (RS),2524,0.676,2182,0.679,2654,0.566,2899,0.805,
Boa Vista das Missões (RS),2524,0.676,2513,0.666,2757,0.561,1905,0.825,
Moreira Sales (PR),2545,0.682,2343,0.673,2557,0.570,3026,0.802,
Godoy Moreira (PR),2545,0.683,2984,0.642,2377,0.578,1747,0.828,
Monte Castelo (SC),2545,0.683,3000,0.641,2322,0.581,1846,0.826,
Bela Vista do Toldo (SC),2545,0.683,3261,0.624,1995,0.598,1846,0.826,
São Francisco de Assis (RS),2545,0.675,2119,0.681,2953,0.552,2259,0.818,
Anitápolis (SC),2573,0.686,1605,0.699,3502,0.524,1370,0.836,
Cerro Grande (RS),2573,0.674,2266,0.676,2707,0.563,2990,0.803,
Candelária (RS),2573,0.674,1605,0.699,3571,0.521,1075,0.842,
Braga (RS),2573,0.674,2732,0.656,2707,0.563,1647,0.83,
Vitor Meireles (SC),2598,0.686,1768,0.694,3549,0.522,1128,0.841,
Ponte Alta (SC),2598,0.679,2513,0.666,2600,0.568,2940,0.804,
Inhacorá (RS),2598,0.673,2883,0.647,2245,0.585,2805,0.807,
Turvo (PR),2621,0.682,2466,0.668,3011,0.549,1747,0.828,
Rebouças (PR),2621,0.679,2883,0.647,2427,0.576,2453,0.814,
Bandeirante (SC),2621,0.678,2295,0.675,2671,0.565,3329,0.795,
Capão do Cipó (RS),2621,0.672,3034,0.639,2953,0.552,425,0.86,
Alecrim (RS),2621,0.672,2061,0.683,3549,0.522,643,0.852,
Santo Antônio do Sudoeste (PR),2642,0.680,1890,0.690,3137,0.543,2805,0.807,
Teixeira Soares (PR),2642,0.681,2266,0.676,3122,0.544,2064,0.822,
São José da Boa Vista (PR),2642,0.675,2822,0.651,2065,0.594,3726,0.781,
Palmeira (SC),2642,0.680,2747,0.655,2844,0.557,1798,0.827,
Sentinela do Sul (RS),2642,0.671,2405,0.671,3100,0.545,1846,0.826,
Garruchos (RS),2642,0.671,2709,0.657,2924,0.553,1515,0.833,
Alpestre (RS),2642,0.671,1576,0.7,3137,0.543,3329,0.795,
Boa Vista da Aparecida (PR),2663,0.677,2466,0.668,2707,0.563,3077,0.801,
Ariranha do Ivaí (PR),2663,0.675,3068,0.637,2065,0.594,3362,0.794,
Barra do Ribeiro (RS),2663,0.67,1858,0.691,3402,0.529,2064,0.822,
Dois Irmãos das Missões (RS),2663,0.67,2908,0.646,2245,0.585,3252,0.797,
Lagoa Bonita do Sul (RS),2663,0.67,1707,0.696,3223,0.539,3077,0.801,
Francisco Alves (PR),2691,0.675,2448,0.669,2557,0.570,3629,0.786,
Guamiranga (PR),2691,0.676,2709,0.657,2600,0.568,2940,0.804,
Amaporã (PR),2691,0.673,2952,0.644,2133,0.591,3649,0.785,
Santa Terezinha (SC),2691,0.676,3068,0.637,2457,0.575,2307,0.817,
Itati (RS),2691,0.669,1817,0.692,3502,0.524,1798,0.827,
Pirapó (RS),2691,0.669,2732,0.656,2924,0.553,1951,0.824,
Arroio do Padre (RS),2691,0.669,321,0.756,4672,0.461,425,0.86,
Centenário do Sul (PR),2716,0.675,1996,0.686,3011,0.549,3475,0.791,
Luiziana (PR),2716,0.673,2667,0.659,2338,0.580,3726,0.781,
Congonhinhas (PR),2716,0.675,2747,0.655,2729,0.562,2696,0.809,
Alfredo Wagner (SC),2716,0.688,1516,0.702,4306,0.481,70,0.882,
Altamira do Paraná (PR),2738,0.673,2490,0.667,2531,0.571,3751,0.780,
Bituruna (PR),2738,0.677,2924,0.645,2866,0.556,1704,0.829,
Adrianópolis (PR),2738,0.675,2952,0.644,2707,0.563,2307,0.817,
Imaruí (SC),2738,0.678,2428,0.670,3388,0.530,1464,0.834,
São Miguel das Missões (RS),2738,0.667,2318,0.674,3249,0.537,2112,0.821,
Icaraíma (PR),2759,0.673,2343,0.673,2908,0.554,3428,0.792,
Lindoeste (PR),2759,0.670,2807,0.652,2185,0.588,4168,0.769,
Cruzmaltina (PR),2759,0.670,2842,0.650,2084,0.593,4204,0.768,
Bom Jesus (RS),2759,0.666,1678,0.697,3792,0.51,1560,0.832,
Faxinalzinho (RS),2759,0.666,2908,0.646,2531,0.571,3077,0.801,
Iretama (PR),2776,0.676,1707,0.696,3571,0.521,2611,0.811,
São Cristovão do Sul (SC),2776,0.674,2490,0.667,3137,0.543,2562,0.812,
Quevedos (RS),2776,0.665,2490,0.667,3300,0.534,1951,0.824,
Coronel Bicaco (RS),2776,0.665,2490,0.667,2988,0.55,2990,0.803,
São João do Caiuá (PR),2802,0.671,2212,0.678,2967,0.551,3649,0.785,
Tibagi (PR),2802,0.676,2212,0.678,3618,0.519,1560,0.832,
Cruz Machado (PR),2802,0.675,3095,0.635,3100,0.545,943,0.845,
Painel (SC),2802,0.673,2466,0.668,3137,0.543,2754,0.808,
Itapuca (RS),2802,0.664,1318,0.709,4066,0.495,1464,0.834,
São Pedro das Missões (RS),2802,0.664,2952,0.644,2654,0.566,2940,0.804,
Mostardas (RS),2802,0.664,1547,0.701,4095,0.493,759,0.849,
Sengés (PR),2828,0.672,2685,0.658,3078,0.546,2611,0.811,
Floriano Peixoto (RS),2828,0.663,1547,0.701,4231,0.486,581,0.854,
São José dos Ausentes (RS),2828,0.663,2318,0.674,3183,0.541,3077,0.801,
Novo Machado (RS),2828,0.663,2318,0.674,3137,0.543,3292,0.796,
Santa Margarida do Sul (RS),2828,0.663,1858,0.691,4259,0.484,204,0.87,
Rosário do Ivaí (PR),2846,0.668,3048,0.638,2399,0.577,3570,0.788,
Macieira (SC),2846,0.671,2295,0.675,3328,0.533,2849,0.806,
Vila Nova do Sul (RS),2846,0.662,2924,0.645,3122,0.544,1798,0.827,
Jacuizinho (RS),2846,0.662,817,0.73,4216,0.487,2307,0.817,
Três Forquilhas (RS),2846,0.662,2626,0.661,3223,0.539,2504,0.813,
Barra do Quaraí (RS),2846,0.662,2667,0.659,3029,0.548,3026,0.802,
Cacique Doble (RS),2846,0.662,2230,0.677,3419,0.528,2661,0.81,
Brunópolis (SC),2870,0.670,2908,0.646,3100,0.545,2216,0.819,
Pinheiro Machado (RS),2870,0.661,2020,0.685,3988,0.499,901,0.846,
Fontoura Xavier (RS),2870,0.661,2466,0.668,3348,0.532,2562,0.812,
Riozinho (RS),2870,0.661,1890,0.69,4487,0.472,40,0.885,
Cerro Branco (RS),2870,0.661,2405,0.671,3434,0.527,2357,0.816,
Capela de Santana (RS),2870,0.661,2295,0.675,3480,0.525,2357,0.816,
Pantano Grande (RS),2870,0.661,2266,0.676,3502,0.524,2357,0.816,
Esperança do Sul (RS),2870,0.661,2535,0.665,2988,0.55,3570,0.788,
Palmas (PR),2898,0.673,1967,0.687,3883,0.505,1798,0.827,
Imbituva (PR),2898,0.673,2119,0.681,3814,0.509,1747,0.828,
Agudos do Sul (PR),2898,0.668,2405,0.671,3137,0.543,3511,0.790,
Ipuaçu (SC),2898,0.668,2318,0.674,3207,0.540,3511,0.790,
Cerro Grande do Sul (RS),2898,0.66,2343,0.673,3988,0.499,551,0.855,
Cristal do Sul (RS),2898,0.66,3000,0.641,3163,0.542,1846,0.826,
Passos Maia (SC),2924,0.668,2871,0.648,3053,0.547,2754,0.808,
Timbó Grande (SC),2924,0.666,3109,0.634,2671,0.565,3214,0.798,
Segredo (RS),2924,0.659,2343,0.673,3480,0.525,2611,0.811,
Grandes Rios (PR),2946,0.666,2861,0.649,2988,0.550,3167,0.799,
Nova Cantu (PR),2946,0.665,2908,0.646,2816,0.558,3428,0.792,
Piratini (RS),2946,0.658,2375,0.672,3658,0.517,2112,0.821,
Jaboticaba (RS),2946,0.658,3079,0.636,3053,0.547,2161,0.82,
Entre Rios (SC),2964,0.665,3048,0.638,2988,0.550,2754,0.808,
Matos Costa (SC),2964,0.667,3173,0.630,3183,0.541,1603,0.831,
Encruzilhada do Sul (RS),2964,0.657,2230,0.677,4373,0.478,128,0.875,
Tunas (RS),2964,0.657,2667,0.659,3183,0.541,3362,0.794,
Arroio Grande (RS),2964,0.657,2343,0.673,3549,0.522,2805,0.807,
Itacurubi (RS),2964,0.657,1817,0.692,3814,0.509,2940,0.804,
Itaúna do Sul (PR),2986,0.664,2822,0.651,3137,0.543,3214,0.798,
Curiúva (PR),2986,0.663,2861,0.649,3078,0.546,3329,0.795,
Antônio Olinto (PR),2986,0.666,3235,0.626,3053,0.547,1905,0.825,
Mata (RS),2986,0.656,2647,0.66,3402,0.529,2805,0.807,
Rio dos Índios (RS),2986,0.656,2924,0.645,3100,0.545,2940,0.804,
Tavares (RS),2986,0.656,1817,0.692,4116,0.492,1747,0.828,
Sapopema (PR),3008,0.666,1741,0.695,3814,0.509,3329,0.795,
Mandirituba (PR),3008,0.666,2230,0.677,3696,0.515,2805,0.807,
Boa Ventura de São Roque (PR),3008,0.663,3095,0.635,2924,0.553,3026,0.802,
Vitória das Missões (RS),3008,0.655,2667,0.659,3458,0.526,2696,0.809,
Manoel Viana (RS),3008,0.655,1996,0.686,3300,0.534,4272,0.766,
Pinhão (PR),3030,0.663,2861,0.649,3300,0.534,2849,0.806,
Capão Alto (SC),3030,0.664,2149,0.680,3675,0.516,3292,0.796,
Saltinho (SC),3030,0.662,3034,0.639,2967,0.551,3329,0.795,
Dezesseis de Novembro (RS),3030,0.654,3247,0.625,2924,0.553,2696,0.809,
Santa Amélia (PR),3055,0.663,2747,0.655,3458,0.526,2696,0.809,
Rio Rufino (SC),3055,0.663,2807,0.652,3388,0.530,2849,0.806,
Ipiranga (PR),3070,0.667,2035,0.684,4183,0.489,1747,0.828,
Mauá da Serra (PR),3070,0.661,2626,0.661,3402,0.529,3400,0.793,
General Carneiro (PR),3070,0.662,3048,0.638,3348,0.532,2357,0.816,
Caraá (RS),3070,0.652,2626,0.661,3883,0.505,1647,0.83,
São Martinho da Serra (RS),3070,0.652,2667,0.659,4047,0.496,792,0.848,
Ibarama (RS),3070,0.652,1996,0.686,3774,0.511,3428,0.792,
Sério (RS),3070,0.652,1741,0.695,4502,0.471,846,0.847,
Ivaí (PR),3090,0.660,2767,0.654,3300,0.534,3475,0.791,
Nova Tebas (PR),3090,0.658,3140,0.632,2924,0.553,3570,0.788,
São José das Missões (RS),3090,0.651,2807,0.652,3163,0.542,3704,0.782,
Ventania (PR),3115,0.658,3120,0.633,3137,0.543,3214,0.798,
Canguçu (RS),3115,0.65,2061,0.683,4143,0.491,2216,0.819,
Monte Alegre dos Campos (RS),3115,0.65,2490,0.667,3961,0.501,2064,0.822,
Barros Cassal (RS),3115,0.65,1890,0.69,3979,0.5,3329,0.795,
Pinhal da Serra (RS),3115,0.65,3000,0.641,3737,0.513,1419,0.835,
Lebon Régis (SC),3136,0.658,3140,0.632,3249,0.537,2849,0.806,
Mampituba (RS),3136,0.649,2842,0.65,3658,0.517,2504,0.813,
Cerrito (RS),3136,0.649,2709,0.657,3908,0.504,1951,0.824,
Unistalda (RS),3136,0.649,3235,0.626,3163,0.542,2940,0.804,
Reserva do Iguaçu (PR),3156,0.659,3079,0.636,3571,0.521,2161,0.820,
Dilermando de Aguiar (RS),3156,0.648,2119,0.681,4631,0.463,319,0.864,
Bocaina do Sul (SC),3172,0.653,2984,0.642,3011,0.549,4204,0.768,
Vale Verde (RS),3186,0.646,2513,0.666,4026,0.497,2357,0.816,
Foz do Jordão (PR),3201,0.659,2767,0.654,4047,0.496,1747,0.828,
Fernandes Pinheiro (PR),3201,0.654,2883,0.647,3480,0.525,3475,0.791,
Manfrinópolis (PR),3201,0.656,2984,0.642,3593,0.520,2899,0.805,
São Nicolau (RS),3201,0.645,2685,0.658,3522,0.523,3831,0.778,
Diamante D'Oeste (PR),3222,0.652,2883,0.647,3348,0.532,3897,0.776,
Cristal (RS),3222,0.644,1967,0.687,4502,0.471,1846,0.826,
Monte Carlo (SC),3234,0.654,2871,0.648,3774,0.511,2940,0.804,
Hulha Negra (RS),3234,0.643,2789,0.653,3753,0.512,3292,0.796,
Lagoão (RS),3234,0.643,3000,0.641,3883,0.505,2064,0.822,
Nova Laranjeiras (PR),3254,0.655,3419,0.614,3658,0.517,1515,0.833,
São Valério do Sul (RS),3254,0.642,2318,0.674,4332,0.48,2357,0.816,
Goioxim (PR),3275,0.651,3734,0.593,3053,0.547,2504,0.813,
Campo Belo do Sul (SC),3275,0.648,2871,0.648,3419,0.528,4204,0.768,
Bocaiúva do Sul (PR),3291,0.656,2182,0.679,4463,0.473,2357,0.816,
Rio Branco do Ivaí (PR),3291,0.648,3261,0.624,3249,0.537,3690,0.783,
Pedras Altas (RS),3291,0.64,2883,0.647,4095,0.493,2161,0.82,
Mariluz (PR),3312,0.650,2789,0.653,3908,0.504,3362,0.794,
Palmital (PR),3312,0.650,2883,0.647,3774,0.511,3475,0.791,
Corumbataí do Sul (PR),3333,0.647,3140,0.632,3593,0.520,3511,0.790,
Vicente Dutra (RS),3333,0.638,2732,0.656,4183,0.489,2696,0.809,
Ibirapuitã (RS),3333,0.638,2212,0.678,4631,0.463,1747,0.828,
Itaperuçu (PR),3357,0.647,2767,0.654,3847,0.507,3775,0.779,
São Jerônimo da Serra (PR),3357,0.650,3235,0.626,3925,0.503,2064,0.822,
Capão do Leão (RS),3357,0.637,2613,0.662,4332,0.48,2453,0.814,
Capão Bonito do Sul (RS),3357,0.637,2767,0.654,3847,0.507,3775,0.779,
Tijucas do Sul (PR),3378,0.650,2182,0.679,4351,0.479,3428,0.792,
Espigão Alto do Iguaçu (PR),3378,0.645,3140,0.632,3571,0.521,3726,0.781,
São José do Cerrito (SC),3378,0.649,3354,0.618,3925,0.503,1798,0.827,
Candói (PR),3393,0.645,2747,0.655,3925,0.503,3831,0.778,
Cantagalo (PR),3393,0.643,3048,0.638,3549,0.522,4204,0.768,
Gramado Xavier (RS),3407,0.634,2119,0.681,4463,0.473,3428,0.792,
Santana da Boa Vista (RS),3433,0.633,3173,0.63,3925,0.503,3026,0.802,
Mato Rico (PR),3448,0.643,3980,0.580,3270,0.536,2562,0.812,
Sinimbu (RS),3469,0.631,1678,0.697,4742,0.456,3428,0.792,
Redentora (RS),3469,0.631,3538,0.606,3522,0.523,3428,0.792,
Jari (RS),3469,0.631,3079,0.636,4463,0.473,1370,0.836,
Ramilândia (PR),3487,0.643,3034,0.639,4183,0.489,3026,0.802,
Campina do Simão (PR),3487,0.639,3649,0.598,3434,0.527,3428,0.792,
São João do Triunfo (PR),3501,0.644,2747,0.655,4430,0.475,3077,0.801,
Cândido de Abreu (PR),3501,0.640,2971,0.643,4081,0.494,3690,0.783,
Rio Bonito do Iguaçu (PR),3501,0.640,3155,0.631,4007,0.498,3428,0.792,
Vargem (SC),3501,0.640,3079,0.636,4066,0.495,3511,0.790,
Turuçu (RS),3501,0.629,2020,0.685,4887,0.446,2453,0.814,
Vale do Sol (RS),3607,0.624,2119,0.681,4964,0.439,2504,0.813,
Amaral Ferrador (RS),3607,0.624,2562,0.664,4733,0.457,3026,0.802,
São José do Norte (RS),3631,0.623,2592,0.663,4672,0.461,3428,0.792,
Imbaú (PR),3653,0.634,3079,0.636,4306,0.481,3649,0.785,
Calmon (SC),3653,0.632,3354,0.618,3979,0.500,3775,0.779,
Passa Sete (RS),3653,0.622,3034,0.639,4284,0.482,3704,0.782,
Tamarana (PR),3680,0.639,3204,0.628,4693,0.460,1704,0.829,
Cerro Negro (SC),3680,0.639,3109,0.634,4758,0.455,1704,0.829,
Charrua (RS),3702,0.62,1605,0.699,5411,0.385,40,0.885,
Benjamin Constant do Sul (RS),3721,0.619,3607,0.601,4116,0.492,3077,0.801,
Reserva (PR),3735,0.632,2842,0.650,4672,0.461,3629,0.786,
Chuvisca (RS),3771,0.616,2747,0.655,4988,0.437,2259,0.818,
Herveiras (RS),3771,0.616,2428,0.67,4948,0.441,3428,0.792,
Marquinho (PR),3820,0.631,3403,0.615,4631,0.463,2453,0.814,
Jaquirana (RS),3820,0.614,3235,0.626,4430,0.475,3775,0.779,
Lajeado do Bugre (RS),3847,0.613,3562,0.604,4599,0.465,2064,0.822,
Tunas do Paraná (PR),3884,0.629,3000,0.641,4909,0.444,3077,0.801,
Barão do Triunfo (RS),3902,0.61,2924,0.645,5104,0.428,2112,0.821,
Ortigueira (PR),3927,0.628,3140,0.632,4948,0.441,2611,0.811,
Santa Maria do Oeste (PR),3927,0.622,3623,0.600,4390,0.477,3511,0.790,
Diamante do Sul (PR),3957,0.620,3550,0.605,4351,0.479,3871,0.777,
Inácio Martins (PR),4144,0.614,3279,0.623,4774,0.454,4304,0.765,
Coronel Domingos Soares (PR),4144,0.616,3492,0.609,4874,0.447,3428,0.792,
Guaraqueçaba (PR),4467,0.604,3834,0.587,5031,0.434,3428,0.792,
Dom Feliciano (RS),4467,0.587,3120,0.633,5392,0.39,2259,0.818,
Laranjal (PR),4515,0.602,3955,0.581,4999,0.436,3511,0.790,
Cerro Azul (PR),4786,0.597,3562,0.604,5384,0.391,3252,0.797,
Doutor Ulysses (PR),5253,0.574,4201,0.570,5490,0.362,3475,0.791,
